dataset,mode,seed,best_epoch,epochs_run,runtime_seconds,cuda_peak_allocated_bytes,dataset_sha256,protocol_sha256,implementation_map_sha256,node.auc,node.auprc,node.macro_f1,node.positive_f1,node.recall_at_k,scope.precision_at_k,scope.recall_at_k,scope.ndcg_at_k,scope.jaccard,scope.jaccard_at_k,edge.auc,edge.auprc,edge.positive_f1,path.path_precision,path.path_recall,path.path_f1,path.path_at_k,path.path_edge_precision,path.path_edge_recall
SC-Auto-Synthetic,concat,101,30,42,50.024239000005764,1316204032,f426c25a29dc6b317438bb55c484590a1875782f82054d2bdd5f2bbe37be5d8f,795a1b5ebf660421b731a3b655c5dc9e5143e909da65f7a78f94b463bd82ce6e,45e29a25f30faec456bd5fc7879df51a4daaf94f6a44f64a47166bc6afa1b15a,0.6478505477940187,0.06580216612820895,0.5306810126336438,0.06896551724137931,0.375,0.025000000000000005,0.375,0.14395588778087465,0.175,0.02488095238095238,0.7322969224256625,0.005871693377626204,0.013667164350522568,0.13311252923321887,0.10033953224436051,0.09323105293717966,0.967741935483871,0.13311252923321887,0.10053091980416914
SC-Auto-Synthetic,concat,17,15,27,32.493410099996254,1316204032,f426c25a29dc6b317438bb55c484590a1875782f82054d2bdd5f2bbe37be5d8f,795a1b5ebf660421b731a3b655c5dc9e5143e909da65f7a78f94b463bd82ce6e,45e29a25f30faec456bd5fc7879df51a4daaf94f6a44f64a47166bc6afa1b15a,0.663974804167003,0.025102389218769637,0.5047795688096339,0.04580152671755725,0.325,0.02,0.325,0.15142275842984818,0.03371212121212121,0.019642857142857142,0.7365696967286642,0.005915223645695958,0.013388113621874335,0.13922364034432996,0.10546895143627973,0.09855921648589232,0.967741935483871,0.13922364034432996,0.10563907371166514
SC-Auto-Synthetic,concat,29,2,14,24.387024799987557,1316204032,f426c25a29dc6b317438bb55c484590a1875782f82054d2bdd5f2bbe37be5d8f,795a1b5ebf660421b731a3b655c5dc9e5143e909da65f7a78f94b463bd82ce6e,45e29a25f30faec456bd5fc7879df51a4daaf94f6a44f64a47166bc6afa1b15a,0.6950119787881235,0.02964954532123902,0.5141428571428571,0.05,0.35,0.0225,0.35,0.1817328939669626,0.025,0.022023809523809522,0.7550809243238371,0.0060835280409526505,0.013989372879829485,0.1405926879633776,0.10491955869938699,0.09842070812773539,1.0,0.1405926879633776,0.10511094625919562
SC-Auto-Synthetic,concat,43,17,29,37.824292500008596,1316204032,f426c25a29dc6b317438bb55c484590a1875782f82054d2bdd5f2bbe37be5d8f,795a1b5ebf660421b731a3b655c5dc9e5143e909da65f7a78f94b463bd82ce6e,45e29a25f30faec456bd5fc7879df51a4daaf94f6a44f64a47166bc6afa1b15a,0.6480120595439984,0.03497270780412901,0.5019695705018378,0.02564102564102564,0.325,0.02,0.325,0.15192298238609392,0.05625,0.019642857142857142,0.7395304482171211,0.005980169566367733,0.013269854132901134,0.13630697367766334,0.10405901877634707,0.09674106447592445,0.967741935483871,0.13630697367766334,0.1042291410517325
SC-Auto-Synthetic,concat,71,24,36,45.91765540000051,1316204032,f426c25a29dc6b317438bb55c484590a1875782f82054d2bdd5f2bbe37be5d8f,795a1b5ebf660421b731a3b655c5dc9e5143e909da65f7a78f94b463bd82ce6e,45e29a25f30faec456bd5fc7879df51a4daaf94f6a44f64a47166bc6afa1b15a,0.6606368946674203,0.03659024069171576,0.5045991045991046,0.02857142857142857,0.275,0.017499999999999998,0.275,0.14526347750479945,0.05714285714285714,0.017142857142857144,0.7333852600687872,0.005917942204639507,0.011049723756906077,0.13589030701099664,0.10338561810294637,0.09599511392178975,0.967741935483871,0.13589030701099664,0.10355574037833182
SC-Auto-Synthetic,full,101,24,36,99.43910380000307,1867604992,f426c25a29dc6b317438bb55c484590a1875782f82054d2bdd5f2bbe37be5d8f,795a1b5ebf660421b731a3b655c5dc9e5143e909da65f7a78f94b463bd82ce6e,45e29a25f30faec456bd5fc7879df51a4daaf94f6a44f64a47166bc6afa1b15a,0.6574335782928209,0.02226572268968399,0.4964838255977497,0.0,0.325,0.0225,0.325,0.11343074496658709,0.25,0.022142857142857138,0.7054170128071163,0.004637372936729844,0.006922893291955121,0.12181908096608643,0.09347235359752086,0.08521889723828249,0.8709677419354839,0.1213889734392047,0.09359994530405993
SC-Auto-Synthetic,full,17,25,37,116.18349239999952,1867604992,f426c25a29dc6b317438bb55c484590a1875782f82054d2bdd5f2bbe37be5d8f,795a1b5ebf660421b731a3b655c5dc9e5143e909da65f7a78f94b463bd82ce6e,45e29a25f30faec456bd5fc7879df51a4daaf94f6a44f64a47166bc6afa1b15a,0.6670166087916228,0.021181123136950718,0.4954904171364149,0.0,0.4,0.027500000000000004,0.4,0.12286947525565103,0.1,0.027023809523809523,0.7002634409500921,0.004720889558356297,0.009999074159800019,0.05891339869281046,0.03357622838555042,0.03909701648314155,0.3870967741935484,0.062118526897938675,0.03473385730633724
SC-Auto-Synthetic,full,29,22,34,112.68031680000422,1867604992,f426c25a29dc6b317438bb55c484590a1875782f82054d2bdd5f2bbe37be5d8f,795a1b5ebf660421b731a3b655c5dc9e5143e909da65f7a78f94b463bd82ce6e,45e29a25f30faec456bd5fc7879df51a4daaf94f6a44f64a47166bc6afa1b15a,0.6586987536676626,0.0317638097127132,0.5281724065843173,0.06451612903225806,0.25,0.015,0.25,0.11022009559053572,0.275,0.014761904761904763,0.710665235466693,0.004736278668213645,0.010203074087483131,0.12499083611152577,0.09879236923003648,0.08967107886797714,0.9354838709677419,0.12418179490760135,0.09894122622099874
SC-Auto-Synthetic,full,43,17,29,102.26882379999734,1867604992,f426c25a29dc6b317438bb55c484590a1875782f82054d2bdd5f2bbe37be5d8f,795a1b5ebf660421b731a3b655c5dc9e5143e909da65f7a78f94b463bd82ce6e,45e29a25f30faec456bd5fc7879df51a4daaf94f6a44f64a47166bc6afa1b15a,0.6351987940456002,0.024747613908716184,0.5293896713615024,0.06666666666666667,0.325,0.02,0.325,0.10796788738866048,0.175,0.01988095238095238,0.6095958682163602,0.0030556538726402116,0.004750229849831444,0.12784582275961584,0.09809128402571755,0.08992637857923555,1.0,0.12784582275961584,0.0982401410166798
SC-Auto-Synthetic,full,71,24,36,101.78965190000599,1867604992,f426c25a29dc6b317438bb55c484590a1875782f82054d2bdd5f2bbe37be5d8f,795a1b5ebf660421b731a3b655c5dc9e5143e909da65f7a78f94b463bd82ce6e,45e29a25f30faec456bd5fc7879df51a4daaf94f6a44f64a47166bc6afa1b15a,0.70367977603704,0.03104678932231778,0.5364677117271199,0.0851063829787234,0.375,0.025,0.375,0.1498542455310765,0.13333333333333336,0.0244047619047619,0.7230782754195894,0.004825932495649642,0.010077874484654145,0.09727785372522213,0.08884055021571749,0.07426977528548637,0.7096774193548387,0.09941919347525754,0.09182642399106494
SC-Auto-Synthetic,graph_only,101,24,36,48.16066189999401,1313913856,f426c25a29dc6b317438bb55c484590a1875782f82054d2bdd5f2bbe37be5d8f,795a1b5ebf660421b731a3b655c5dc9e5143e909da65f7a78f94b463bd82ce6e,45e29a25f30faec456bd5fc7879df51a4daaf94f6a44f64a47166bc6afa1b15a,0.6304880346711891,0.03233749545351483,0.5188802128202123,0.04878048780487805,0.25,0.015,0.25,0.10795646358544123,0.11666666666666665,0.014761904761904763,0.7498669210540004,0.0059565774335307905,0.012741471434443074,0.14345644457713422,0.10595716692449522,0.099820835885184,0.967741935483871,0.14345644457713422,0.10614855448430383
SC-Auto-Synthetic,graph_only,17,38,50,65.61331529999734,1313913856,f426c25a29dc6b317438bb55c484590a1875782f82054d2bdd5f2bbe37be5d8f,795a1b5ebf660421b731a3b655c5dc9e5143e909da65f7a78f94b463bd82ce6e,45e29a25f30faec456bd5fc7879df51a4daaf94f6a44f64a47166bc6afa1b15a,0.6210665159223666,0.01771273172026539,0.4946357989836251,0.0,0.3,0.017499999999999998,0.3,0.08891030964553384,0.15,0.017261904761904763,0.7395576905534454,0.005891997813136954,0.014242398954073827,0.12409136521205488,0.1005642251597314,0.09063312613611485,0.9032258064516129,0.12409136521205488,0.10069181686627046
SC-Auto-Synthetic,graph_only,29,28,40,58.60142530000303,1313913856,f426c25a29dc6b317438bb55c484590a1875782f82054d2bdd5f2bbe37be5d8f,795a1b5ebf660421b731a3b655c5dc9e5143e909da65f7a78f94b463bd82ce6e,45e29a25f30faec456bd5fc7879df51a4daaf94f6a44f64a47166bc6afa1b15a,0.618536165172683,0.028651412726585612,0.5220877100640013,0.05405405405405406,0.25,0.015,0.25,0.11408508506864064,0.16666666666666666,0.014761904761904763,0.748858666398923,0.005935902592623768,0.01460693541894301,0.14274215886284852,0.10561475980242707,0.09934602968363361,0.9354838709677419,0.14274215886284852,0.10582741264665887
SC-Auto-Synthetic,graph_only,43,18,30,47.58178079999925,1313913856,f426c25a29dc6b317438bb55c484590a1875782f82054d2bdd5f2bbe37be5d8f,795a1b5ebf660421b731a3b655c5dc9e5143e909da65f7a78f94b463bd82ce6e,45e29a25f30faec456bd5fc7879df51a4daaf94f6a44f64a47166bc6afa1b15a,0.6196129101725483,0.06345950702471619,0.5126653665149823,0.0392156862745098,0.225,0.015,0.225,0.10451280502692244,0.11000000000000001,0.014642857142857143,0.75438626316481,0.005994288823412819,0.013489131368674285,0.1451231112438009,0.10646221742954572,0.10059602968363361,0.967741935483871,0.1451231112438009,0.1066748702737775
SC-Auto-Synthetic,graph_only,71,24,36,48.72113810000883,1313913856,f426c25a29dc6b317438bb55c484590a1875782f82054d2bdd5f2bbe37be5d8f,795a1b5ebf660421b731a3b655c5dc9e5143e909da65f7a78f94b463bd82ce6e,45e29a25f30faec456bd5fc7879df51a4daaf94f6a44f64a47166bc6afa1b15a,0.6279307652965086,0.028381662643160326,0.5239169856941366,0.05714285714285714,0.275,0.017499999999999998,0.275,0.11673436093892453,0.125,0.017142857142857144,0.7529230529685627,0.006015007212236639,0.013528983244874596,0.13850935463004427,0.10418483556000284,0.0972172320798681,0.9354838709677419,0.13850935463004427,0.10439748840423464
SC-Auto-Synthetic,text_mlp,101,26,38,28.624964200003888,1221969408,f426c25a29dc6b317438bb55c484590a1875782f82054d2bdd5f2bbe37be5d8f,795a1b5ebf660421b731a3b655c5dc9e5143e909da65f7a78f94b463bd82ce6e,45e29a25f30faec456bd5fc7879df51a4daaf94f6a44f64a47166bc6afa1b15a,0.477496029502813,0.011240215261021938,0.4970497330710874,0.0,0.025,0.0025,0.025,0.008551654203385906,0.25,0.0023809523809523807,0.5211869396827133,0.0027780667060527827,0.005623995715050884,0.11861301852681164,0.09148567388726843,0.08328660841297225,0.967741935483871,0.11861301852681164,0.0916132655938075
SC-Auto-Synthetic,text_mlp,17,22,34,25.598609900000156,1221969408,f426c25a29dc6b317438bb55c484590a1875782f82054d2bdd5f2bbe37be5d8f,795a1b5ebf660421b731a3b655c5dc9e5143e909da65f7a78f94b463bd82ce6e,45e29a25f30faec456bd5fc7879df51a4daaf94f6a44f64a47166bc6afa1b15a,0.478384344127702,0.011250063230347112,0.4970497330710874,0.0,0.025,0.0025,0.025,0.008551654203385906,0.25,0.0023809523809523807,0.5214684321479486,0.0027993315974013076,0.00594497442278446,0.11861301852681164,0.09148567388726843,0.08328660841297225,0.967741935483871,0.11861301852681164,0.0916132655938075
SC-Auto-Synthetic,text_mlp,29,1,13,15.669689699992887,1221969408,f426c25a29dc6b317438bb55c484590a1875782f82054d2bdd5f2bbe37be5d8f,795a1b5ebf660421b731a3b655c5dc9e5143e909da65f7a78f94b463bd82ce6e,45e29a25f30faec456bd5fc7879df51a4daaf94f6a44f64a47166bc6afa1b15a,0.49703895125037006,0.012550830408155023,0.4932049830124575,0.0,0.075,0.005,0.075,0.05855165420338591,0.1,0.004880952380952381,0.5851860324585941,0.0031502719511120676,0.0052863436123348016,0.1152222139291105,0.06499627330247311,0.07847197821951972,0.9354838709677419,0.1152222139291105,0.0651238650090122
SC-Auto-Synthetic,text_mlp,43,24,36,30.46649599999364,1221969408,f426c25a29dc6b317438bb55c484590a1875782f82054d2bdd5f2bbe37be5d8f,795a1b5ebf660421b731a3b655c5dc9e5143e909da65f7a78f94b463bd82ce6e,45e29a25f30faec456bd5fc7879df51a4daaf94f6a44f64a47166bc6afa1b15a,0.47475032975315623,0.011207579712460135,0.4970497330710874,0.0,0.025,0.0025,0.025,0.008551654203385906,0.25,0.0023809523809523807,0.522960512464202,0.0027815184859171986,0.005447781025777305,0.11861301852681164,0.09148567388726843,0.08328660841297225,0.967741935483871,0.11861301852681164,0.0916132655938075
SC-Auto-Synthetic,text_mlp,71,20,32,27.428467299992917,1221969408,f426c25a29dc6b317438bb55c484590a1875782f82054d2bdd5f2bbe37be5d8f,795a1b5ebf660421b731a3b655c5dc9e5143e909da65f7a78f94b463bd82ce6e,45e29a25f30faec456bd5fc7879df51a4daaf94f6a44f64a47166bc6afa1b15a,0.4765538776279308,0.011228661838702358,0.4970497330710874,0.0,0.025,0.0025,0.025,0.008551654203385906,0.25,0.0023809523809523807,0.5232366875328118,0.0028214575062722944,0.006320779562812747,0.11861301852681164,0.09148567388726843,0.08328660841297225,0.967741935483871,0.11861301852681164,0.0916132655938075
SC-Energy-Synthetic,concat,101,2,14,23.317825299993274,1192282624,149059321d8d8c41d54e4be28c4d743abc1e587c93d2c96d0c0daeedc4749300,795a1b5ebf660421b731a3b655c5dc9e5143e909da65f7a78f94b463bd82ce6e,45e29a25f30faec456bd5fc7879df51a4daaf94f6a44f64a47166bc6afa1b15a,0.773642816036831,0.02046748592561982,0.4942133249921802,0.0,0.35,0.019999999999999997,0.35,0.11044564534664592,0.1,0.019999999999999997,0.7243825825983448,0.003370901994102161,0.006759160441124155,0.12069805194805194,0.23909432079635567,0.10695605337835512,0.972972972972973,0.12069805194805194,0.2395100635901472
SC-Energy-Synthetic,concat,17,1,13,23.750020899999072,1192282624,149059321d8d8c41d54e4be28c4d743abc1e587c93d2c96d0c0daeedc4749300,795a1b5ebf660421b731a3b655c5dc9e5143e909da65f7a78f94b463bd82ce6e,45e29a25f30faec456bd5fc7879df51a4daaf94f6a44f64a47166bc6afa1b15a,0.7110588912334548,0.015576925823702188,0.4971162001696353,0.022222222222222223,0.2,0.0125,0.2,0.07361747169106211,0.01,0.0125,0.6547023284575008,0.0028963970433498794,0.005041690905565251,0.1099837662337662,0.23219344670798153,0.09929819000324272,0.9459459459459459,0.1099837662337662,0.23260918950177314
SC-Energy-Synthetic,concat,29,1,13,22.42743409999821,1192282624,149059321d8d8c41d54e4be28c4d743abc1e587c93d2c96d0c0daeedc4749300,795a1b5ebf660421b731a3b655c5dc9e5143e909da65f7a78f94b463bd82ce6e,45e29a25f30faec456bd5fc7879df51a4daaf94f6a44f64a47166bc6afa1b15a,0.7353731056972953,0.01872786110739473,0.502819945182374,0.027777777777777776,0.3,0.0175,0.3,0.10802386755708435,0.008333333333333333,0.0175,0.6256313117463198,0.002333692066548497,0.005516549648946841,0.10150493025493024,0.2261013484908833,0.09225184494743328,0.918918918918919,0.10150493025493024,0.2264339427259166
SC-Energy-Synthetic,concat,43,1,13,24.9300144000008,1192282624,149059321d8d8c41d54e4be28c4d743abc1e587c93d2c96d0c0daeedc4749300,795a1b5ebf660421b731a3b655c5dc9e5143e909da65f7a78f94b463bd82ce6e,45e29a25f30faec456bd5fc7879df51a4daaf94f6a44f64a47166bc6afa1b15a,0.7098120084404375,0.014952916505797578,0.4890995260663507,0.0,0.15,0.01,0.15,0.050239312483295495,0.0,0.01,0.6892378531832293,0.0033701561611285103,0.006289308176100629,0.1244678932178932,0.24043467901171392,0.10915490460819503,0.9459459459459459,0.1244678932178932,0.2408504218055055
SC-Energy-Synthetic,concat,71,1,13,24.927508400010993,1192282624,149059321d8d8c41d54e4be28c4d743abc1e587c93d2c96d0c0daeedc4749300,795a1b5ebf660421b731a3b655c5dc9e5143e909da65f7a78f94b463bd82ce6e,45e29a25f30faec456bd5fc7879df51a4daaf94f6a44f64a47166bc6afa1b15a,0.7285632073662,0.020555473205314846,0.4920543119266055,0.01834862385321101,0.3,0.017499999999999998,0.3,0.1188160443095061,0.016666666666666666,0.017261904761904763,0.6783786448816833,0.003118019482239173,0.008777633289986996,0.11821789321789318,0.23640735498438986,0.10455550592315851,0.9459459459459459,0.11821789321789318,0.23682309777818147
SC-Energy-Synthetic,full,101,1,13,28.451705700004823,1689721856,149059321d8d8c41d54e4be28c4d743abc1e587c93d2c96d0c0daeedc4749300,795a1b5ebf660421b731a3b655c5dc9e5143e909da65f7a78f94b463bd82ce6e,45e29a25f30faec456bd5fc7879df51a4daaf94f6a44f64a47166bc6afa1b15a,0.7183963169000576,0.01650177019708901,0.4920543119266055,0.01834862385321101,0.25,0.015,0.25,0.08082930388677731,0.005555555555555555,0.015,0.48061597451045124,0.0014168348998639091,0.003716875071698979,0.07202561327561327,0.19685314673541415,0.06624476336172934,0.8378378378378378,0.07202561327561327,0.1971025924116891
SC-Energy-Synthetic,full,17,1,13,41.73322250001365,1689721856,149059321d8d8c41d54e4be28c4d743abc1e587c93d2c96d0c0daeedc4749300,795a1b5ebf660421b731a3b655c5dc9e5143e909da65f7a78f94b463bd82ce6e,45e29a25f30faec456bd5fc7879df51a4daaf94f6a44f64a47166bc6afa1b15a,0.7277958948781891,0.019693047916735616,0.49683056364570843,0.02197802197802198,0.25,0.015,0.25,0.0898324599335755,0.007142857142857143,0.015,0.48729225357874456,0.0014456671023389395,0.003588029030416701,0.07176106301106303,0.20846524991001733,0.06963979855254712,0.8378378378378378,0.07176106301106303,0.20871469558629227
SC-Energy-Synthetic,full,29,1,13,35.37690110001131,1689721856,149059321d8d8c41d54e4be28c4d743abc1e587c93d2c96d0c0daeedc4749300,795a1b5ebf660421b731a3b655c5dc9e5143e909da65f7a78f94b463bd82ce6e,45e29a25f30faec456bd5fc7879df51a4daaf94f6a44f64a47166bc6afa1b15a,0.7362363322463072,0.018495198756693674,0.4968364277564568,0.03225806451612903,0.25,0.015,0.25,0.09862066353530263,0.02222222222222222,0.015,0.3986089972706798,0.0010953322675611784,0.002938642392511652,0.07202801827801827,0.20192646714885085,0.06819482287139594,0.8108108108108109,0.07202801827801827,0.2021759128251258
SC-Energy-Synthetic,full,43,1,13,39.824159199997666,1689721856,149059321d8d8c41d54e4be28c4d743abc1e587c93d2c96d0c0daeedc4749300,795a1b5ebf660421b731a3b655c5dc9e5143e909da65f7a78f94b463bd82ce6e,45e29a25f30faec456bd5fc7879df51a4daaf94f6a44f64a47166bc6afa1b15a,0.7434778438519087,0.018498953004149863,0.4929444967074318,0.0,0.3,0.0175,0.3,0.10210936222148778,0.05,0.0175,0.5122757273529394,0.0014522454377751477,0.003245714285714286,0.08046236171236168,0.20993991210706323,0.07525470827750355,0.8648648648648649,0.08046236171236168,0.2103556549008548
SC-Energy-Synthetic,full,71,1,13,37.58409809999284,1689721856,149059321d8d8c41d54e4be28c4d743abc1e587c93d2c96d0c0daeedc4749300,795a1b5ebf660421b731a3b655c5dc9e5143e909da65f7a78f94b463bd82ce6e,45e29a25f30faec456bd5fc7879df51a4daaf94f6a44f64a47166bc6afa1b15a,0.7607423748321503,0.018649723056591593,0.49437148217636023,0.0,0.325,0.02,0.325,0.10342470570583098,0.15,0.01988095238095238,0.44963426695197295,0.0012276012138780802,0.0038639876352395673,0.08207852332852332,0.2114463978911653,0.07619513037573404,0.8378378378378378,0.08207852332852332,0.21177899212619855
SC-Energy-Synthetic,graph_only,101,1,13,24.159221800000523,1189860864,149059321d8d8c41d54e4be28c4d743abc1e587c93d2c96d0c0daeedc4749300,795a1b5ebf660421b731a3b655c5dc9e5143e909da65f7a78f94b463bd82ce6e,45e29a25f30faec456bd5fc7879df51a4daaf94f6a44f64a47166bc6afa1b15a,0.7163821216190294,0.015533219281814654,0.48682957791177406,0.0,0.2,0.0125,0.2,0.0629779336225447,0.0,0.0125,0.6972717379539344,0.003188683971407695,0.005861419300816412,0.11868085618085618,0.23936928607132094,0.10536937933801169,0.9459459459459459,0.11868085618085618,0.2397018803063542
SC-Energy-Synthetic,graph_only,17,10,22,27.81614750000881,1189860864,149059321d8d8c41d54e4be28c4d743abc1e587c93d2c96d0c0daeedc4749300,795a1b5ebf660421b731a3b655c5dc9e5143e909da65f7a78f94b463bd82ce6e,45e29a25f30faec456bd5fc7879df51a4daaf94f6a44f64a47166bc6afa1b15a,0.7556589295990792,0.017713795858747387,0.48699238578680204,0.0,0.325,0.02,0.325,0.09685351649951457,0.0,0.01988095238095238,0.7199389994918455,0.0033266499363937877,0.008482278097546198,0.10529701779701779,0.22314048780763893,0.09183676749422673,0.9459459459459459,0.10529701779701779,0.22338993348391387
SC-Energy-Synthetic,graph_only,29,2,14,22.034092299989425,1189860864,149059321d8d8c41d54e4be28c4d743abc1e587c93d2c96d0c0daeedc4749300,795a1b5ebf660421b731a3b655c5dc9e5143e909da65f7a78f94b463bd82ce6e,45e29a25f30faec456bd5fc7879df51a4daaf94f6a44f64a47166bc6afa1b15a,0.7441012852484175,0.016648836604401092,0.4934210526315789,0.0,0.275,0.0175,0.275,0.08004711453918553,0.05,0.017380952380952382,0.7234790707276959,0.0034044029126142662,0.009093492469451549,0.12081048581048578,0.23670749928453416,0.1057216001028001,0.972972972972973,0.12081048581048578,0.23704009351956742
SC-Energy-Synthetic,graph_only,43,2,14,18.67567759999656,1189860864,149059321d8d8c41d54e4be28c4d743abc1e587c93d2c96d0c0daeedc4749300,795a1b5ebf660421b731a3b655c5dc9e5143e909da65f7a78f94b463bd82ce6e,45e29a25f30faec456bd5fc7879df51a4daaf94f6a44f64a47166bc6afa1b15a,0.7418473048148858,0.017381753165082666,0.4856870229007634,0.0,0.25,0.015,0.25,0.0812235325391363,0.0,0.015,0.7222087589538083,0.003420174062764094,0.0030804774740084712,0.12122715247715246,0.23808845166548656,0.10669382232502231,0.972972972972973,0.12122715247715246,0.23842104590051982
SC-Energy-Synthetic,graph_only,71,1,13,24.19997329999751,1189860864,149059321d8d8c41d54e4be28c4d743abc1e587c93d2c96d0c0daeedc4749300,795a1b5ebf660421b731a3b655c5dc9e5143e909da65f7a78f94b463bd82ce6e,45e29a25f30faec456bd5fc7879df51a4daaf94f6a44f64a47166bc6afa1b15a,0.7153750239785154,0.015462722315272685,0.49405506883604505,0.0,0.25,0.015,0.25,0.0757113652156472,0.1,0.014761904761904763,0.6910581733305976,0.003144570936306923,0.00896046497547981,0.12208694083694083,0.2428359264129613,0.10888200012476423,0.9459459459459459,0.12208694083694083,0.24325166920675292
SC-Energy-Synthetic,text_mlp,101,13,25,20.229773800005205,1105959936,149059321d8d8c41d54e4be28c4d743abc1e587c93d2c96d0c0daeedc4749300,795a1b5ebf660421b731a3b655c5dc9e5143e909da65f7a78f94b463bd82ce6e,45e29a25f30faec456bd5fc7879df51a4daaf94f6a44f64a47166bc6afa1b15a,0.48345482447726845,0.007816292762879526,0.49798199316982306,0.0,0.0,0.0,0.0,0.0,0.45,0.0,0.505644387444268,0.00169046976037614,0.0044014084507042256,0.10914381914381914,0.23161677056880547,0.09834920579834705,0.9459459459459459,0.10914381914381914,0.23186621624508041
SC-Energy-Synthetic,text_mlp,17,11,23,21.14707009999256,1106068480,149059321d8d8c41d54e4be28c4d743abc1e587c93d2c96d0c0daeedc4749300,795a1b5ebf660421b731a3b655c5dc9e5143e909da65f7a78f94b463bd82ce6e,45e29a25f30faec456bd5fc7879df51a4daaf94f6a44f64a47166bc6afa1b15a,0.48508536351429127,0.007829592133271685,0.49798199316982306,0.0,0.0,0.0,0.0,0.0,0.45,0.0,0.5116268060825191,0.001679432674937616,0.0059590316573556795,0.10914381914381914,0.23161677056880547,0.09834920579834705,0.9459459459459459,0.10914381914381914,0.23186621624508041
SC-Energy-Synthetic,text_mlp,29,1,13,14.185309299995424,1105959936,149059321d8d8c41d54e4be28c4d743abc1e587c93d2c96d0c0daeedc4749300,795a1b5ebf660421b731a3b655c5dc9e5143e909da65f7a78f94b463bd82ce6e,45e29a25f30faec456bd5fc7879df51a4daaf94f6a44f64a47166bc6afa1b15a,0.46945137157107236,0.007704322182124984,0.4976700838769804,0.0,0.0,0.0,0.0,0.0,0.45,0.0,0.5893870844075947,0.0022212490480778444,0.010663914688682491,0.11266233766233766,0.23402099134802623,0.1012778963404285,0.9459459459459459,0.11266233766233766,0.2343535855830595
SC-Energy-Synthetic,text_mlp,43,12,24,22.178533699989202,1106068480,149059321d8d8c41d54e4be28c4d743abc1e587c93d2c96d0c0daeedc4749300,795a1b5ebf660421b731a3b655c5dc9e5143e909da65f7a78f94b463bd82ce6e,45e29a25f30faec456bd5fc7879df51a4daaf94f6a44f64a47166bc6afa1b15a,0.48364665259927114,0.00781782827623235,0.49782608695652175,0.0,0.0,0.0,0.0,0.0,0.4,0.0,0.5142644502049216,0.0018400117896045522,0.011918951132300357,0.10914381914381914,0.23161677056880547,0.09834920579834705,0.9459459459459459,0.10914381914381914,0.23186621624508041
SC-Energy-Synthetic,text_mlp,71,1,13,14.77622529999644,1105959936,149059321d8d8c41d54e4be28c4d743abc1e587c93d2c96d0c0daeedc4749300,795a1b5ebf660421b731a3b655c5dc9e5143e909da65f7a78f94b463bd82ce6e,45e29a25f30faec456bd5fc7879df51a4daaf94f6a44f64a47166bc6afa1b15a,0.4722328793401113,0.007726264309358266,0.4973577867578489,0.0,0.0,0.0,0.0,0.0,0.4,0.0,0.5767480758496837,0.001937264535484289,0.006779661016949152,0.11081048581048583,0.23312813420516912,0.10007307706332007,0.9459459459459459,0.11081048581048583,0.23346072844020238
SC-Semi-Synthetic,concat,101,1,13,23.13671200000681,1020434944,2dbfdb3d1bdf599eac95b0218e26fd20af52b0a2bbac455752078cfb2d5e5459,795a1b5ebf660421b731a3b655c5dc9e5143e909da65f7a78f94b463bd82ce6e,45e29a25f30faec456bd5fc7879df51a4daaf94f6a44f64a47166bc6afa1b15a,0.7856235479920806,0.0895913761348709,0.524446001253641,0.0945945945945946,0.5800000000000001,0.0925,0.5800000000000001,0.2625462602810353,0.04534090909090909,0.0880867683041596,0.7490175366126528,0.015653315385652834,0.03554585152838428,0.14431808688387637,0.21156923367945915,0.09819537792501261,0.9411764705882353,0.14431808688387637,0.21156923367945915
SC-Semi-Synthetic,concat,17,1,13,23.451926299996558,1020434944,2dbfdb3d1bdf599eac95b0218e26fd20af52b0a2bbac455752078cfb2d5e5459,795a1b5ebf660421b731a3b655c5dc9e5143e909da65f7a78f94b463bd82ce6e,45e29a25f30faec456bd5fc7879df51a4daaf94f6a44f64a47166bc6afa1b15a,0.7924787420318384,0.10896429652475181,0.5273183334383557,0.10650887573964497,0.5900000000000001,0.09,0.5900000000000001,0.2846984735662448,0.05621212121212121,0.08524327122153208,0.7439195651183276,0.015750107649752883,0.035254798734139774,0.14215142021720972,0.21780629372086696,0.09984102500887808,0.9411764705882353,0.14215142021720972,0.21780629372086696
SC-Semi-Synthetic,concat,29,13,25,28.729447600009735,1020434944,2dbfdb3d1bdf599eac95b0218e26fd20af52b0a2bbac455752078cfb2d5e5459,795a1b5ebf660421b731a3b655c5dc9e5143e909da65f7a78f94b463bd82ce6e,45e29a25f30faec456bd5fc7879df51a4daaf94f6a44f64a47166bc6afa1b15a,0.7993224916742009,0.0976069423838608,0.5348283752860412,0.1391304347826087,0.5758333333333333,0.0875,0.5758333333333333,0.2849163422707455,0.07292410504871806,0.08308700357613401,0.774509463982479,0.01664785974517123,0.036254165526345444,0.1293471874129769,0.2079367871333937,0.09226012438762496,0.9411764705882353,0.1293471874129769,0.2079367871333937
SC-Semi-Synthetic,concat,43,2,14,21.396897799990256,1020434944,2dbfdb3d1bdf599eac95b0218e26fd20af52b0a2bbac455752078cfb2d5e5459,795a1b5ebf660421b731a3b655c5dc9e5143e909da65f7a78f94b463bd82ce6e,45e29a25f30faec456bd5fc7879df51a4daaf94f6a44f64a47166bc6afa1b15a,0.8015083715766946,0.0968847242084809,0.509122819145055,0.04597701149425287,0.6925,0.09999999999999999,0.6925,0.3094621672340573,0.03333333333333333,0.09614977413890458,0.7729001105196374,0.016753311304681755,0.03606311044327573,0.1346157059314954,0.20264898859006325,0.09201336326621637,0.9411764705882353,0.1346157059314954,0.20264898859006325
SC-Semi-Synthetic,concat,71,1,13,19.492000900005223,1020434944,2dbfdb3d1bdf599eac95b0218e26fd20af52b0a2bbac455752078cfb2d5e5459,795a1b5ebf660421b731a3b655c5dc9e5143e909da65f7a78f94b463bd82ce6e,45e29a25f30faec456bd5fc7879df51a4daaf94f6a44f64a47166bc6afa1b15a,0.7836780004348872,0.08435886400271639,0.5185574229691877,0.10714285714285714,0.6058333333333332,0.08499999999999999,0.6058333333333332,0.2608477222747137,0.052880799755799755,0.08036796536796538,0.7524253563206278,0.016148477130152983,0.037093178778421755,0.12834586466165415,0.19977778023213816,0.0883799776546804,0.9117647058823529,0.12834586466165415,0.19977778023213816
SC-Semi-Synthetic,full,101,1,13,40.05751969999983,1452305408,2dbfdb3d1bdf599eac95b0218e26fd20af52b0a2bbac455752078cfb2d5e5459,795a1b5ebf660421b731a3b655c5dc9e5143e909da65f7a78f94b463bd82ce6e,45e29a25f30faec456bd5fc7879df51a4daaf94f6a44f64a47166bc6afa1b15a,0.7917978003868207,0.09221714852130726,0.5070135614923462,0.043478260869565216,0.62,0.0925,0.62,0.2814518185272727,0.03333333333333333,0.08832227555053641,0.620346003715827,0.008506236170880442,0.016417910447761194,0.1115403091060986,0.19001917929829826,0.07941769716559254,1.0,0.1115403091060986,0.19001917929829826
SC-Semi-Synthetic,full,17,9,21,73.40780149999773,1452305408,2dbfdb3d1bdf599eac95b0218e26fd20af52b0a2bbac455752078cfb2d5e5459,795a1b5ebf660421b731a3b655c5dc9e5143e909da65f7a78f94b463bd82ce6e,45e29a25f30faec456bd5fc7879df51a4daaf94f6a44f64a47166bc6afa1b15a,0.8297359777520915,0.1414697844097921,0.5560159305627489,0.15037593984962405,0.7141666666666666,0.10999999999999999,0.7141666666666666,0.3628207010226438,0.06895202020202021,0.10620929794842837,0.758275042700668,0.013533021438873645,0.028415916472629657,0.12119672603225233,0.20046586823582002,0.08488157932692958,0.9117647058823529,0.12056211064763696,0.20046586823582002
SC-Semi-Synthetic,full,29,14,26,60.23005460000422,1452305408,2dbfdb3d1bdf599eac95b0218e26fd20af52b0a2bbac455752078cfb2d5e5459,795a1b5ebf660421b731a3b655c5dc9e5143e909da65f7a78f94b463bd82ce6e,45e29a25f30faec456bd5fc7879df51a4daaf94f6a44f64a47166bc6afa1b15a,0.8309490838759885,0.14068547057070285,0.5745115351580565,0.21367521367521367,0.7141666666666666,0.10999999999999999,0.7141666666666666,0.38068076105302173,0.10720618111678484,0.10620929794842837,0.7522397454265248,0.013599428260500491,0.028701680209069626,0.11547549429128376,0.20141995865822088,0.08485310115937748,0.9117647058823529,0.11434851016429963,0.20181678405504627
SC-Semi-Synthetic,full,43,1,13,42.21949920000043,1452305408,2dbfdb3d1bdf599eac95b0218e26fd20af52b0a2bbac455752078cfb2d5e5459,795a1b5ebf660421b731a3b655c5dc9e5143e909da65f7a78f94b463bd82ce6e,45e29a25f30faec456bd5fc7879df51a4daaf94f6a44f64a47166bc6afa1b15a,0.7952311196053972,0.09198077452377641,0.5335978815434913,0.10687022900763359,0.6074999999999999,0.09,0.6074999999999999,0.2767793837418466,0.05672619047619047,0.08548960097873141,0.46061993079757235,0.005444638338448825,0.012931114198950272,0.11227179058758005,0.19507252456903484,0.08204195150171192,1.0,0.11227179058758005,0.19507252456903484
SC-Semi-Synthetic,full,71,21,33,78.38181710000208,1452305408,2dbfdb3d1bdf599eac95b0218e26fd20af52b0a2bbac455752078cfb2d5e5459,795a1b5ebf660421b731a3b655c5dc9e5143e909da65f7a78f94b463bd82ce6e,45e29a25f30faec456bd5fc7879df51a4daaf94f6a44f64a47166bc6afa1b15a,0.8258219938429142,0.1360901548717306,0.5562715707161952,0.15950920245398773,0.7016666666666667,0.1075,0.7016666666666667,0.36491517696575726,0.07691017316017315,0.10310323734236777,0.732999298995753,0.013450654896296507,0.02847907499964401,0.08756777862660216,0.05588567387955432,0.04320073899966176,0.4117647058823529,0.08746896439735315,0.05588567387955432
SC-Semi-Synthetic,graph_only,101,1,13,17.001083800001652,1019291648,2dbfdb3d1bdf599eac95b0218e26fd20af52b0a2bbac455752078cfb2d5e5459,795a1b5ebf660421b731a3b655c5dc9e5143e909da65f7a78f94b463bd82ce6e,45e29a25f30faec456bd5fc7879df51a4daaf94f6a44f64a47166bc6afa1b15a,0.7939092917062452,0.09441802542098156,0.5157945141070353,0.06837606837606838,0.6174999999999999,0.0925,0.6174999999999999,0.2880188812413428,0.049999999999999996,0.08819522868435911,0.7542552085689981,0.016075005295388897,0.03625170998632011,0.14454956836535787,0.2115724082826337,0.0982129240933681,0.9411764705882353,0.14454956836535787,0.2115724082826337
SC-Semi-Synthetic,graph_only,17,1,13,26.55885820000549,1019291648,2dbfdb3d1bdf599eac95b0218e26fd20af52b0a2bbac455752078cfb2d5e5459,795a1b5ebf660421b731a3b655c5dc9e5143e909da65f7a78f94b463bd82ce6e,45e29a25f30faec456bd5fc7879df51a4daaf94f6a44f64a47166bc6afa1b15a,0.7950766202405612,0.10420948206019429,0.5254503179538896,0.0958904109589041,0.5516666666666665,0.0925,0.5516666666666665,0.2866149101991596,0.04553932178932179,0.08815734989648034,0.7555132895733688,0.016426647379877125,0.03560315940641455,0.13991993873572822,0.20497890817205286,0.09443259282722885,0.9411764705882353,0.13991993873572822,0.20497890817205286
SC-Semi-Synthetic,graph_only,29,6,18,21.898855200008256,1019291648,2dbfdb3d1bdf599eac95b0218e26fd20af52b0a2bbac455752078cfb2d5e5459,795a1b5ebf660421b731a3b655c5dc9e5143e909da65f7a78f94b463bd82ce6e,45e29a25f30faec456bd5fc7879df51a4daaf94f6a44f64a47166bc6afa1b15a,0.7900754185788347,0.08824415183050394,0.5196283391405343,0.10476190476190476,0.5625,0.0925,0.5625,0.2707683967952041,0.04558608058608059,0.08781102955015999,0.7777818934656349,0.016817148497580935,0.036740067017711826,0.13068052074631023,0.20189604474948358,0.0907509180252765,0.9411764705882353,0.13068052074631023,0.20189604474948358
SC-Semi-Synthetic,graph_only,43,8,20,26.298024499992607,1019291648,2dbfdb3d1bdf599eac95b0218e26fd20af52b0a2bbac455752078cfb2d5e5459,795a1b5ebf660421b731a3b655c5dc9e5143e909da65f7a78f94b463bd82ce6e,45e29a25f30faec456bd5fc7879df51a4daaf94f6a44f64a47166bc6afa1b15a,0.7922155208917475,0.09091209565520507,0.5058097505069206,0.042105263157894736,0.5925,0.09,0.5925,0.2772473588648314,0.025,0.08557618106531148,0.7766914074754382,0.01679420911300602,0.03701071506669582,0.12901385407964355,0.20127104474948357,0.08984182711618559,0.9411764705882353,0.12901385407964355,0.20127104474948357
SC-Semi-Synthetic,graph_only,71,9,21,25.694772699993337,1019291648,2dbfdb3d1bdf599eac95b0218e26fd20af52b0a2bbac455752078cfb2d5e5459,795a1b5ebf660421b731a3b655c5dc9e5143e909da65f7a78f94b463bd82ce6e,45e29a25f30faec456bd5fc7879df51a4daaf94f6a44f64a47166bc6afa1b15a,0.7858524359399855,0.08887656985016563,0.5106176162703754,0.05555555555555555,0.6258333333333332,0.09,0.6258333333333332,0.2799319021290515,0.03125,0.08533808582721628,0.7770888371221406,0.016618782858698347,0.03702677015681926,0.12901385407964355,0.20112756648861402,0.08965089909026566,0.9411764705882353,0.12901385407964355,0.20112756648861402
SC-Semi-Synthetic,text_mlp,101,15,27,22.989040100001148,945453056,2dbfdb3d1bdf599eac95b0218e26fd20af52b0a2bbac455752078cfb2d5e5459,795a1b5ebf660421b731a3b655c5dc9e5143e909da65f7a78f94b463bd82ce6e,45e29a25f30faec456bd5fc7879df51a4daaf94f6a44f64a47166bc6afa1b15a,0.5007496080293892,0.03850313006966202,0.4902350215160543,0.0,0.0,0.0,0.0,0.0,0.05,0.0,0.5426654920198177,0.007780151411971211,0.01442109600329625,0.13582866889445838,0.21422741643659568,0.09614088933354038,0.9411764705882353,0.13582866889445838,0.21422741643659568
SC-Semi-Synthetic,text_mlp,17,17,29,20.814258500002325,945453056,2dbfdb3d1bdf599eac95b0218e26fd20af52b0a2bbac455752078cfb2d5e5459,795a1b5ebf660421b731a3b655c5dc9e5143e909da65f7a78f94b463bd82ce6e,45e29a25f30faec456bd5fc7879df51a4daaf94f6a44f64a47166bc6afa1b15a,0.49944494672633016,0.03845223682375085,0.4902350215160543,0.0,0.0,0.0,0.0,0.0,0.05,0.0,0.5430553897151666,0.007771344238283218,0.010102389078498293,0.13582866889445838,0.21422741643659568,0.09614088933354038,0.9411764705882353,0.13582866889445838,0.21422741643659568
SC-Semi-Synthetic,text_mlp,29,1,13,14.484529699999257,945453056,2dbfdb3d1bdf599eac95b0218e26fd20af52b0a2bbac455752078cfb2d5e5459,795a1b5ebf660421b731a3b655c5dc9e5143e909da65f7a78f94b463bd82ce6e,45e29a25f30faec456bd5fc7879df51a4daaf94f6a44f64a47166bc6afa1b15a,0.4958056283546389,0.03836949405952625,0.49853467925757083,0.024096385542168676,0.06,0.005,0.06,0.03569931323672638,0.008333333333333333,0.004583333333333333,0.5942258428522823,0.008781676710026767,0.020338983050847456,0.13568052074631026,0.2074751842937385,0.09366105062386296,0.9411764705882353,0.13568052074631026,0.2074751842937385
SC-Semi-Synthetic,text_mlp,43,20,32,20.864224300006754,945453056,2dbfdb3d1bdf599eac95b0218e26fd20af52b0a2bbac455752078cfb2d5e5459,795a1b5ebf660421b731a3b655c5dc9e5143e909da65f7a78f94b463bd82ce6e,45e29a25f30faec456bd5fc7879df51a4daaf94f6a44f64a47166bc6afa1b15a,0.499708167866421,0.03846223605665553,0.4902350215160543,0.0,0.0,0.0,0.0,0.0,0.05,0.0,0.5397081986727165,0.007664603548964553,0.00837038974627256,0.1376805207463102,0.21461804143659569,0.09678605062386295,0.9411764705882353,0.1376805207463102,0.21461804143659569
SC-Semi-Synthetic,text_mlp,71,32,44,30.45658420000109,945453056,2dbfdb3d1bdf599eac95b0218e26fd20af52b0a2bbac455752078cfb2d5e5459,795a1b5ebf660421b731a3b655c5dc9e5143e909da65f7a78f94b463bd82ce6e,45e29a25f30faec456bd5fc7879df51a4daaf94f6a44f64a47166bc6afa1b15a,0.5021572689090057,0.03855841262789725,0.4902350215160543,0.0,0.0,0.0,0.0,0.0,0.05,0.0,0.5380987316465095,0.007527238109796696,0.007801326225458328,0.1376805207463102,0.21461804143659569,0.09678605062386295,0.9411764705882353,0.1376805207463102,0.21461804143659569
