dataset,mode,n_seeds,dataset_sha256,data_kind,text_encoder,node.auc_mean,node.auc_std,node.auc_n,node.auprc_mean,node.auprc_std,node.auprc_n,node.macro_f1_mean,node.macro_f1_std,node.macro_f1_n,node.positive_f1_mean,node.positive_f1_std,node.positive_f1_n,node.recall_at_k_mean,node.recall_at_k_std,node.recall_at_k_n,scope.precision_at_k_mean,scope.precision_at_k_std,scope.precision_at_k_n,scope.recall_at_k_mean,scope.recall_at_k_std,scope.recall_at_k_n,scope.ndcg_at_k_mean,scope.ndcg_at_k_std,scope.ndcg_at_k_n,scope.jaccard_mean,scope.jaccard_std,scope.jaccard_n,scope.jaccard_at_k_mean,scope.jaccard_at_k_std,scope.jaccard_at_k_n,edge.auc_mean,edge.auc_std,edge.auc_n,edge.auprc_mean,edge.auprc_std,edge.auprc_n,edge.positive_f1_mean,edge.positive_f1_std,edge.positive_f1_n,path.path_precision_mean,path.path_precision_std,path.path_precision_n,path.path_recall_mean,path.path_recall_std,path.path_recall_n,path.path_f1_mean,path.path_f1_std,path.path_f1_n,path.path_at_k_mean,path.path_at_k_std,path.path_at_k_n,path.path_edge_precision_mean,path.path_edge_precision_std,path.path_edge_precision_n,path.path_edge_recall_mean,path.path_edge_recall_std,path.path_edge_recall_n,runtime_seconds_mean,runtime_seconds_std,runtime_seconds_min,runtime_seconds_max,runtime_seconds_n,epochs_run_mean,epochs_run_std,epochs_run_min,epochs_run_max,epochs_run_n,best_epoch_mean,best_epoch_std,best_epoch_min,best_epoch_max,best_epoch_n,cuda_peak_allocated_gib_mean,cuda_peak_allocated_gib_std,cuda_peak_allocated_gib_min,cuda_peak_allocated_gib_max,cuda_peak_allocated_gib_n
SC-Auto-Synthetic,concat,5,f426c25a29dc6b317438bb55c484590a1875782f82054d2bdd5f2bbe37be5d8f,synthetic,sha256_signed_hash_64_diagnostic_only,0.6630972569921129,0.019270432419574334,5,0.03842340983281248,0.01596319547067992,5,0.5112344227374155,0.01181269362016479,5,0.04379589963427815,0.017588398311722774,5,0.32999999999999996,0.0370809924354783,5,0.021,0.002850438562747847,5,0.32999999999999996,0.0370809924354783,5,0.15485960001371576,0.015440094225131958,5,0.06942099567099566,0.06066197849416826,5,0.020666666666666667,0.0029204300307704417,5,0.7393726503528144,0.009226945437767671,5,0.005953711367056411,8.221936115961448e-05,5,0.01307284574840672,0.0011645240778479417,5,0.13702522764591726,0.002944186389667359,5,0.10363453585186413,0.0020072094327304446,5,0.09658943118970431,0.0021730473701869002,5,0.9741935483870968,0.014426245016127662,5,0.13702522764591726,0.002944186389667359,5,0.10381316424101886,0.0020019125765790733,5,38.129324359999735,10.2817127204141,24.387024799987557,50.024239000005764,5,29.6,10.549881515922348,14.0,42.0,5,17.6,10.549881515922348,2.0,30.0,5,1.2258105278015137,0.0,1.2258105278015137,1.2258105278015137,5
SC-Auto-Synthetic,full,5,f426c25a29dc6b317438bb55c484590a1875782f82054d2bdd5f2bbe37be5d8f,synthetic,sha256_signed_hash_64_diagnostic_only,0.6644055021669494,0.02491732813753682,5,0.026201011754076374,0.004930122422796853,5,0.5172008064814209,0.019625827218716505,5,0.043257835735529625,0.04029165549733045,5,0.335,0.057554322166106696,5,0.022000000000000002,0.0048088460154178374,5,0.335,0.057554322166106696,5,0.12086848974650218,0.017170555233581804,5,0.18666666666666668,0.07467522272406617,5,0.02164285714285714,0.004671310857213052,5,0.6898039665719702,0.04563134621073346,5,0.004395225506317928,0.0007518261741415672,5,0.008390629174744773,0.0024558911027328474,5,0.10616939845105214,0.029074110175531295,5,0.08255455709090856,0.02767058501282309,5,0.07563662929082463,0.021389215522568034,5,0.7806451612903226,0.24503392277203798,5,0.10699086229592361,0.02742544346630873,5,0.08346831876782813,0.02740972961714493,5,106.47227774000203,7.448304917840085,99.43910380000307,116.18349239999952,5,34.4,3.2093613071762426,29.0,37.0,5,22.4,3.2093613071762426,17.0,25.0,5,1.7393426895141602,0.0,1.7393426895141602,1.7393426895141602,5
SC-Auto-Synthetic,graph_only,5,f426c25a29dc6b317438bb55c484590a1875782f82054d2bdd5f2bbe37be5d8f,synthetic,sha256_signed_hash_64_diagnostic_only,0.623526878247059,0.005341621143279453,5,0.03410856191364847,0.01729173036131398,5,0.5144372148153916,0.011867728090029908,5,0.03983861705525981,0.0232861325589503,5,0.26000000000000006,0.028504385627478448,5,0.016,0.0013693063937629147,5,0.26000000000000006,0.028504385627478448,5,0.10643980485309253,0.010928460308420443,5,0.13366666666666666,0.02387467277262664,5,0.015714285714285715,0.001359959483189984,5,0.7491185188279484,0.005793545479604901,5,0.0059587547749881935,4.850376352428979e-05,5,0.013721784084201761,0.0007257487631905736,5,0.13878448690517656,0.008567847413105146,5,0.10455664097524045,0.002386940160588038,5,0.09752265069368685,0.004050026348380245,5,0.9419354838709678,0.026989033114002466,5,0.13878448690517656,0.008567847413105146,5,0.10474802853504908,0.0024194520849918056,5,53.73566428000049,8.044417789513114,47.58178079999925,65.61331529999734,5,38.4,7.402702209328699,30.0,50.0,5,26.4,7.402702209328699,18.0,38.0,5,1.223677635192871,0.0,1.223677635192871,1.223677635192871,5
SC-Auto-Synthetic,text_mlp,5,f426c25a29dc6b317438bb55c484590a1875782f82054d2bdd5f2bbe37be5d8f,synthetic,sha256_signed_hash_64_diagnostic_only,0.48084470645239447,0.009152502717989907,5,0.011495470090137313,0.0005901763439977356,5,0.4962807830593614,0.0017194244975185457,5,0.0,0.0,5,0.034999999999999996,0.022360679774997894,5,0.003,0.001118033988749895,5,0.034999999999999996,0.022360679774997894,5,0.01855165420338591,0.022360679774997894,5,0.22000000000000003,0.0670820393249937,5,0.0028809523809523807,0.001118033988749895,5,0.5348077208572539,0.028176593751642505,5,0.0028661292493511303,0.000159772149263226,5,0.00572477486775204,0.0004131626291209992,5,0.1179348576072714,0.0015164139157757136,5,0.08618779377030936,0.011846420078165004,5,0.08232368237428175,0.002153168079816565,5,0.9612903225806452,0.014426245016127711,5,0.1179348576072714,0.0015164139157757136,5,0.08631538547684844,0.011846420078164997,5,25.557645419996696,5.804708852108169,15.669689699992887,30.46649599999364,5,30.6,10.08959860450355,13.0,38.0,5,18.6,10.08959860450355,1.0,26.0,5,1.138047695159912,0.0,1.138047695159912,1.138047695159912,5
SC-Energy-Synthetic,concat,5,149059321d8d8c41d54e4be28c4d743abc1e587c93d2c96d0c0daeedc4749300,synthetic,sha256_signed_hash_64_diagnostic_only,0.7316900057548438,0.025921371668902706,5,0.01805613251356583,0.0026593685282862733,5,0.4950606616674292,0.005237436755206811,5,0.013669724770642202,0.01292088638161592,5,0.26,0.0821583836257749,5,0.0155,0.004107919181288744,5,0.26,0.0821583836257749,5,0.0922284682775188,0.029144972878174868,5,0.027000000000000003,0.04123779280654526,5,0.015452380952380954,0.004080225806298652,5,0.6744665441734157,0.03708305254064085,5,0.003017833349473644,0.0004305874371362255,5,0.006476868492344775,0.0014483035988031273,5,0.11497450697450695,0.00921601722410428,5,0.23484622999826485,0.005814300490824274,5,0.10244329977207693,0.006775497515175846,5,0.9459459459459459,0.019110994086122907,5,0.11497450697450695,0.00921601722410428,5,0.23524534308030481,0.005845599634005856,5,23.870560620000468,1.0772930465339354,22.42743409999821,24.9300144000008,5,13.2,0.4472135954999579,13.0,14.0,5,1.2,0.44721359549995804,1.0,2.0,5,1.1103997230529785,0.0,1.1103997230529785,1.1103997230529785,5
SC-Energy-Synthetic,full,5,149059321d8d8c41d54e4be28c4d743abc1e587c93d2c96d0c0daeedc4749300,synthetic,sha256_signed_hash_64_diagnostic_only,0.7373297525417226,0.016097475767652483,5,0.01836773858625195,0.0011566396814531791,5,0.4946074564425126,0.002193751615907107,5,0.014516942069472405,0.014200177274049217,5,0.275,0.03535533905932738,5,0.0165,0.0022360679774997903,5,0.275,0.03535533905932738,5,0.09496329905659484,0.009514899707001935,5,0.04698412698412698,0.06028716866772959,5,0.016476190476190478,0.0021896349316237284,5,0.46568544393295763,0.043638628114496404,5,0.001327536184283451,0.00015920680698583122,5,0.0034706496831162373,0.0003750824202747929,5,0.07567111592111592,0.005144445296908914,5,0.20572623475850219,0.006147102407132727,5,0.071105844687782,0.004397935562406562,5,0.8378378378378379,0.019110994086122907,5,0.07567111592111592,0.005144445296908914,5,0.2060255695700321,0.006195205550166434,5,36.594017320004056,5.138193184577953,28.451705700004823,41.73322250001365,5,13.0,0.0,13.0,13.0,5,1.0,0.0,1.0,1.0,5,1.5736761093139648,0.0,1.5736761093139648,1.5736761093139648,5
SC-Energy-Synthetic,graph_only,5,149059321d8d8c41d54e4be28c4d743abc1e587c93d2c96d0c0daeedc4749300,synthetic,sha256_signed_hash_64_diagnostic_only,0.7346729330519854,0.017942551127771468,5,0.016548065445063695,0.0010334408404569695,5,0.4893970216133927,0.004000886171556246,5,0.0,0.0,5,0.26,0.04541475531146238,5,0.016,0.002850438562747845,5,0.26,0.04541475531146238,5,0.07936269248320565,0.012161955000849782,5,0.030000000000000006,0.0447213595499958,5,0.015904761904761908,0.002815419560489573,5,0.7107913480915764,0.015388251582377048,5,0.003296896363897353,0.0001250532705591348,5,0.007095626463460488,0.002599835703267476,5,0.1176204906204906,0.00700224275052291,5,0.23602833024838837,0.007554919009511679,5,0.10370071387696503,0.006771744138230088,5,0.9567567567567566,0.01480331236500452,5,0.1176204906204906,0.00700224275052291,5,0.23636092448342166,0.0076091446134743425,5,23.377022499998567,3.35041116583957,18.67567759999656,27.81614750000881,5,15.2,3.8340579025361627,13.0,22.0,5,3.2,3.8340579025361627,1.0,10.0,5,1.1081442832946777,0.0,1.1081442832946777,1.1081442832946777,5
SC-Energy-Synthetic,text_mlp,5,149059321d8d8c41d54e4be28c4d743abc1e587c93d2c96d0c0daeedc4749300,synthetic,sha256_signed_hash_64_diagnostic_only,0.47877421830040284,0.007334572765718929,5,0.007778859932773362,5.877006168798675e-05,5,0.4977635887861995,0.0002611155994608111,5,0.0,0.0,5,0.0,0.0,5,0.0,0.0,5,0.0,0.0,5,0.0,0.0,5,0.43,0.0273861278752583,5,0.0,0.0,5,0.5395341607977974,0.0401126068853015,5,0.0018736855616960882,0.00022208039071920847,5,0.00794459338919838,0.003203276062534527,5,0.11018085618085618,0.001563691246858117,5,0.23239988745192236,0.0011178257168992971,5,0.09927971815975795,0.0013434744280953592,5,0.9459459459459459,0.0,5,0.11018085618085618,0.001563691246858117,5,0.23268259255170065,0.00116158555365682,5,18.503382439995768,3.742115188767119,14.185309299995424,22.178533699989202,5,19.6,6.06630035524124,13.0,25.0,5,7.6,6.06630035524124,1.0,13.0,5,1.0300458908081054,5.5368987174556356e-05,1.0300054550170898,1.030106544494629,5
SC-Semi-Synthetic,concat,5,2dbfdb3d1bdf599eac95b0218e26fd20af52b0a2bbac455752078cfb2d5e5459,synthetic,sha256_signed_hash_64_diagnostic_only,0.7925222307419404,0.0079499748509694,5,0.09548124065093617,0.009309658102913355,5,0.5228545904184562,0.009654743712824702,5,0.09867075475079165,0.033776634038413134,5,0.6088333333333333,0.04817719031519652,5,0.091,0.005755432216610668,5,0.6088333333333333,0.04817719031519652,5,0.28049419312535934,0.019902807661995085,5,0.05213825368817628,0.014569045191550105,5,0.08658695652173912,0.006050370400645231,5,0.758554406510745,0.014169146134333682,5,0.016190614243082338,0.0005025467862699295,5,0.03604222100211339,0.0007099798553899048,5,0.1357556530214425,0.007271416403126465,5,0.20794781667118425,0.007161204978672666,5,0.09413797364848249,0.004748213592238977,5,0.9352941176470588,0.013153341044116413,5,0.1357556530214425,0.007271416403126465,5,0.20794781667118425,0.007161204978672666,5,23.241396920001716,3.4508741406033785,19.492000900005223,28.729447600009735,5,15.6,5.272570530585627,13.0,25.0,5,3.6,5.272570530585627,1.0,13.0,5,0.9503540992736816,0.0,0.9503540992736816,0.9503540992736816,5
SC-Semi-Synthetic,full,5,2dbfdb3d1bdf599eac95b0218e26fd20af52b0a2bbac455752078cfb2d5e5459,synthetic,sha256_signed_hash_64_diagnostic_only,0.8147071950926424,0.019476652002504143,5,0.12048866657946185,0.025997611796931382,5,0.5454820958945676,0.025938125768320865,5,0.13478176917120482,0.0636281863722743,5,0.6714999999999999,0.0531487691923968,5,0.10200000000000001,0.00990580637807947,5,0.6714999999999999,0.0531487691923968,5,0.3333295682621084,0.04999684323591764,5,0.0686255796577004,0.02713089555925004,5,0.09786674195369846,0.010135430709166487,5,0.664896004327269,0.12718102200470638,5,0.010906795820999984,0.003748879847473325,5,0.022989139265610952,0.007690372969941644,5,0.10961041972876337,0.012896966581310784,5,0.16857264092818566,0.06315986584416741,5,0.07487901363065466,0.017853250077440177,5,0.8470588235294118,0.24730380011268127,5,0.10923833698059368,0.01267623977319551,5,0.16865200600755076,0.06321168778381712,5,58.85933842000086,17.500403217458327,40.05751969999983,78.38181710000208,5,21.2,8.613942186943213,13.0,33.0,5,9.2,8.613942186943213,1.0,21.0,5,1.352564811706543,0.0,1.352564811706543,1.352564811706543,5
SC-Semi-Synthetic,graph_only,5,2dbfdb3d1bdf599eac95b0218e26fd20af52b0a2bbac455752078cfb2d5e5459,synthetic,sha256_signed_hash_64_diagnostic_only,0.7914258574714749,0.0036402539568798457,5,0.0933320649634101,0.006540108198983033,5,0.5154601075957511,0.00764639456057321,5,0.07333784056206552,0.02651599977808673,5,0.5900000000000001,0.0326811192518793,5,0.09149999999999998,0.0013693063937629166,5,0.5900000000000001,0.0326811192518793,5,0.2805162898459179,0.007062770093075438,5,0.03947508047508048,0.010747943752895629,5,0.08701557500470544,0.0014329868714201184,5,0.7682661272411161,0.012230250141839875,5,0.016546358628910265,0.00030680084446932154,5,0.03652648432679231,0.0006038238016644855,5,0.13463554720133666,0.007159987969584024,5,0.20416919448845353,0.004423832989230782,5,0.09257783223046494,0.003694072085123146,5,0.9411764705882353,0.0,5,0.13463554720133666,0.007159987969584024,5,0.20416919448845353,0.004423832989230782,5,23.490318880000267,4.08661503018253,17.001083800001652,26.55885820000549,5,17.0,3.8078865529319543,13.0,21.0,5,5.0,3.8078865529319543,1.0,9.0,5,0.9492893218994141,0.0,0.9492893218994141,0.9492893218994141,5
SC-Semi-Synthetic,text_mlp,5,2dbfdb3d1bdf599eac95b0218e26fd20af52b0a2bbac455752078cfb2d5e5459,synthetic,sha256_signed_hash_64_diagnostic_only,0.4995731239771571,0.0023606465893535314,5,0.038469101927498375,6.961970793827797e-05,5,0.4918949530643576,0.003711719780002668,5,0.004819277108433735,0.010776231216866456,5,0.012,0.02683281572999748,5,0.001,0.00223606797749979,5,0.012,0.02683281572999748,5,0.007139862647345276,0.015965218229475647,5,0.041666666666666664,0.018633899812498248,5,0.0009166666666666666,0.002049728979374807,5,0.5515507309812986,0.023945173445887875,5,0.00790500280380849,0.0005006265039421443,5,0.012206836820874579,0.0052342691967346465,5,0.1365397800055695,0.001043103946700116,5,0.21303322000802422,0.003113169170725376,5,0.09590298610773391,0.00129412871102823,5,0.9411764705882353,0.0,5,0.1365397800055695,0.001043103946700116,5,0.21303322000802422,0.003113169170725376,5,21.921727360002116,5.736716107581982,14.484529699999257,30.45658420000109,5,29.0,11.113055385446435,13.0,44.0,5,17.0,11.113055385446435,1.0,32.0,5,0.8805217742919922,0.0,0.8805217742919922,0.8805217742919922,5
