dataset,seed,best_epoch,best_validation_ap,epochs_run,dataset_sha256,data_kind,model_selection,history_file,history_sha256,result_file,result_sha256
ICKG-Weak,17,2,0.023534987851335135,14,b6b22b31f55ed301f8fda3dfc3f26a6d69a1588d22a2781a6f8f3c2c5a631735,real_source_weak_labels,validation AUPRC,results/formal/ICKG-Weak/full/seed_17/history.json,564c7acedf5006643ba2c54a0872f03d7b96acee75d3cad9935ea6846fb359df,results/formal/ICKG-Weak/full/seed_17/result.json,de7d2bbbe154f446fffc187c17070dc250667c6eb98011f3e3008544f2d6959e
ICKG-Weak,29,56,0.059460408114261676,60,b6b22b31f55ed301f8fda3dfc3f26a6d69a1588d22a2781a6f8f3c2c5a631735,real_source_weak_labels,validation AUPRC,results/formal/ICKG-Weak/full/seed_29/history.json,ab70d9408a73de261993b449c12070c16073b72ef2f971afeac2bbe2d5e75a73,results/formal/ICKG-Weak/full/seed_29/result.json,35dc95ecd64d75d325afe020959b6329ed70c7f725cd0b890bd3eb49d4885e22
ICKG-Weak,43,2,0.017953357302137023,14,b6b22b31f55ed301f8fda3dfc3f26a6d69a1588d22a2781a6f8f3c2c5a631735,real_source_weak_labels,validation AUPRC,results/formal/ICKG-Weak/full/seed_43/history.json,2e7e321f893af9c5776ccc3e0529af5db7edc9d4e0f80b6fb3cd79ff17d4ae0d,results/formal/ICKG-Weak/full/seed_43/result.json,c2ccb2b06e09e138e4a5e73f9ae8acdfc39d4b3f950cd05c931656c41a5d914f
ICKG-Weak,71,2,0.01817543096484689,14,b6b22b31f55ed301f8fda3dfc3f26a6d69a1588d22a2781a6f8f3c2c5a631735,real_source_weak_labels,validation AUPRC,results/formal/ICKG-Weak/full/seed_71/history.json,d85cad6b4637ef4d46be40e311e29521ea46f9ceb49770698273177270e0bd7a,results/formal/ICKG-Weak/full/seed_71/result.json,2a82e302a184f260aa37622d755f810c921caf6dfbcdcee1702ed7cf7d2d566d
ICKG-Weak,101,17,0.05609448180169736,29,b6b22b31f55ed301f8fda3dfc3f26a6d69a1588d22a2781a6f8f3c2c5a631735,real_source_weak_labels,validation AUPRC,results/formal/ICKG-Weak/full/seed_101/history.json,3b72adf2ed8c44253533e6a866bbd027aa3ef92147410f260c65a8f4aad14346,results/formal/ICKG-Weak/full/seed_101/result.json,4378faa55d937a76574fb8b18da57054edfb8055b84d3571d807a1ff211e357b
SIM-Auto,17,31,0.5030180580639272,43,4e6d9baa6fb71bba375db77cf9c72ec9b862a37434715b36277dd7265588d017,synthetic,validation AUPRC,results/formal/SIM-Auto/full/seed_17/history.json,a44601ad3efdc60d61d477214fe840f3efc4c6c0dad2f398a30cf744e690440d,results/formal/SIM-Auto/full/seed_17/result.json,27585346db660c1e9bb8c1780f0abeafed1d2ba19b002ef4e135a2e02cd3684c
SIM-Auto,29,37,0.4922909568471865,49,4e6d9baa6fb71bba375db77cf9c72ec9b862a37434715b36277dd7265588d017,synthetic,validation AUPRC,results/formal/SIM-Auto/full/seed_29/history.json,0182d8a5d7eb215629ef9709efe1f06f4309a65372b9515433705e8692ac67ae,results/formal/SIM-Auto/full/seed_29/result.json,df1c1f13ae9e35e53bb1e797328018f59e0a203f13837bb27a56ae8bd250fd5a
SIM-Auto,43,20,0.48403279230698204,32,4e6d9baa6fb71bba375db77cf9c72ec9b862a37434715b36277dd7265588d017,synthetic,validation AUPRC,results/formal/SIM-Auto/full/seed_43/history.json,993c246e3943274ef4bdc4dbdecebc24b7eaef6e039b39382fa7cea014a43b54,results/formal/SIM-Auto/full/seed_43/result.json,c36e234fed5934abec9cafc5534c98e09056cab14edc8ab399112c055af39323
SIM-Auto,71,31,0.49436287423082487,43,4e6d9baa6fb71bba375db77cf9c72ec9b862a37434715b36277dd7265588d017,synthetic,validation AUPRC,results/formal/SIM-Auto/full/seed_71/history.json,7fe8aeff1ef4daf49b0a5268cedf2bd0430ed3a621b699dc610c845597d6da00,results/formal/SIM-Auto/full/seed_71/result.json,c0ddd7012b58f80f41473b847f873f0a9455488324c607a298599a6f7ce04d90
SIM-Auto,101,27,0.48945286278912087,39,4e6d9baa6fb71bba375db77cf9c72ec9b862a37434715b36277dd7265588d017,synthetic,validation AUPRC,results/formal/SIM-Auto/full/seed_101/history.json,dc07fcad0b3678d7673a9a7ae62f7ed02e1431d150c017349ed6da215d0e7776,results/formal/SIM-Auto/full/seed_101/result.json,1205d500ab203064ca55778f56f41de09d4907438bc9fefeebf087ae73d81712
SIM-Energy,17,5,0.3312204531308698,17,2ea23baaa883ac186aaa5b8c96004e77f63a0be974c8180f9bab964e9fcc4676,synthetic,validation AUPRC,results/formal/SIM-Energy/full/seed_17/history.json,cb2cbdd8fb31e27fa0fa3d42c42b9d80ec18b09c93e19e8ead98d2e484f019e7,results/formal/SIM-Energy/full/seed_17/result.json,ba4fe71817b4b6ca3f863fa27e269c42905ea62f71578a5bc0b7198307b8fd28
SIM-Energy,29,9,0.3172390480538652,21,2ea23baaa883ac186aaa5b8c96004e77f63a0be974c8180f9bab964e9fcc4676,synthetic,validation AUPRC,results/formal/SIM-Energy/full/seed_29/history.json,0034e18a883ae4139093866f68532fcfde54cd016b503aba672bab25899634b2,results/formal/SIM-Energy/full/seed_29/result.json,7b2258f05a1b1650da547a3fb7db42f03181c15e71ae3df2f09b45c1956aaa5c
SIM-Energy,43,4,0.324245736101786,16,2ea23baaa883ac186aaa5b8c96004e77f63a0be974c8180f9bab964e9fcc4676,synthetic,validation AUPRC,results/formal/SIM-Energy/full/seed_43/history.json,35b25d634e224e413048bfaa3afabd64df727fd566412dfd85be569cea938b4c,results/formal/SIM-Energy/full/seed_43/result.json,2fa07f8c421283c54c762e62c00040548c39c017509e72a838fe0d0302061247
SIM-Energy,71,8,0.3380691296080542,20,2ea23baaa883ac186aaa5b8c96004e77f63a0be974c8180f9bab964e9fcc4676,synthetic,validation AUPRC,results/formal/SIM-Energy/full/seed_71/history.json,372fbdd16c7bde0acb4206b1b2258e7ce0362d40abd424baf572e567b31a101d,results/formal/SIM-Energy/full/seed_71/result.json,0bd565d5cd397bca3b5c78a1a73b86a69c59a8392973d5a9d3b404e8ea3ba9c4
SIM-Energy,101,8,0.3224510864653135,20,2ea23baaa883ac186aaa5b8c96004e77f63a0be974c8180f9bab964e9fcc4676,synthetic,validation AUPRC,results/formal/SIM-Energy/full/seed_101/history.json,8066655e89a164678e1223283ba79025a8ce81b1176fc433fdae8b846aa46c82,results/formal/SIM-Energy/full/seed_101/result.json,2eb42dafd296d41a958e0008f1c791aaf6950feb93a3c225e7db07b6a941fe0f
SIM-Semi,17,38,0.6610772122666897,50,54f9fd516dd6bda7be62f0c16561e9f6c0fe5841c8997a04b3cc0ffc1a5dc5da,synthetic,validation AUPRC,results/formal/SIM-Semi/full/seed_17/history.json,021929b7d5f465aba5d91793010d4a12288b3c771a12dd5f3e27e55a271c0ce1,results/formal/SIM-Semi/full/seed_17/result.json,0dc6e7cae9e154fb64988f129cbe31e542bc4c90d7f8d98c7e73700fd6b5238f
SIM-Semi,29,28,0.6503537135942105,40,54f9fd516dd6bda7be62f0c16561e9f6c0fe5841c8997a04b3cc0ffc1a5dc5da,synthetic,validation AUPRC,results/formal/SIM-Semi/full/seed_29/history.json,a564ff10b70222d3c6e125c1d4c9735998db55f874dfbfca6734d8334ed3e43f,results/formal/SIM-Semi/full/seed_29/result.json,c08ffebf42b8706706d3adc1c7d132972e7e819b522d9fae93304b6f017b1c11
SIM-Semi,43,34,0.6550397053229174,46,54f9fd516dd6bda7be62f0c16561e9f6c0fe5841c8997a04b3cc0ffc1a5dc5da,synthetic,validation AUPRC,results/formal/SIM-Semi/full/seed_43/history.json,a8de020b007cc9d43dc0947d58db9c3c43d0abec94747f2577ebe07489445b4d,results/formal/SIM-Semi/full/seed_43/result.json,4c909340a7f3ca3fdff388fe7d14ab7aa525ba612ae5031dd336eaeb1c301466
SIM-Semi,71,41,0.657713219930605,53,54f9fd516dd6bda7be62f0c16561e9f6c0fe5841c8997a04b3cc0ffc1a5dc5da,synthetic,validation AUPRC,results/formal/SIM-Semi/full/seed_71/history.json,186676d51511f2845fe2969861fd325befd95a48334bfbe3c6939f04d5dfe93a,results/formal/SIM-Semi/full/seed_71/result.json,141599b0f2e0b1bbcddc0f8e71aa86efc3bbd1672a27f2c5ec57e2ba769d0a7f
SIM-Semi,101,44,0.6526821555593189,56,54f9fd516dd6bda7be62f0c16561e9f6c0fe5841c8997a04b3cc0ffc1a5dc5da,synthetic,validation AUPRC,results/formal/SIM-Semi/full/seed_101/history.json,4af54dd95a1d29da3899aa5351b7678fa9d7efa37793fbecec03904dbcfe884b,results/formal/SIM-Semi/full/seed_101/result.json,3533890f1bd178ccf4342028003c01bbb6cd1757b96b8f38cf9209ea82396598
