dataset,mode,seed,best_epoch,runtime_seconds,node.auc,node.auprc,node.macro_f1,node.positive_f1,node.recall_at_k,scope.precision_at_k,scope.recall_at_k,scope.ndcg_at_k,scope.jaccard,scope.jaccard_at_k,edge.auc,edge.auprc,edge.positive_f1,path.path_precision,path.path_recall,path.path_f1,path.path_at_k,path.path_edge_precision,path.path_edge_recall
ICKG-Weak,avg_fusion,101,25,19.834524190053344,0.3037181663837012,0.027337988732775046,0.5209688505476002,0.05460750853242321,0.059523953058435816,0.02327586206896552,0.059523953058435816,0.06070154355608996,0.1382606856744788,0.017181221497023832,,,,,,,,,
ICKG-Weak,avg_fusion,17,2,8.533102383837104,0.7071723663998706,0.03967054146402621,0.5150522342624737,0.0440251572327044,0.06795843045843046,0.02586206896551724,0.06795843045843046,0.046555504158006154,0.1182723885310092,0.01917136204759322,,,,,,,,,
ICKG-Weak,avg_fusion,29,2,8.401563201099634,0.5840274072277467,0.028002950937782274,0.49403973509933774,0.0,0.09753000830587037,0.03017241379310345,0.09753000830587037,0.05662898503033011,0.20689655172413793,0.02283233070968027,,,,,,,,,
ICKG-Weak,avg_fusion,43,1,7.8071003425866365,0.6459723906540544,0.030146813279777716,0.5142109266512734,0.047058823529411764,0.05729309005171073,0.024137931034482765,0.05729309005171073,0.039680351349921886,0.02985769020251779,0.01759163771069908,,,,,,,,,
ICKG-Weak,avg_fusion,71,2,7.600615980103612,0.5902861993693912,0.029729590622001974,0.5045065217379374,0.023952095808383235,0.05213373790959998,0.021551724137931036,0.05213373790959998,0.03740806178710017,0.12674808429118772,0.01569634760820557,,,,,,,,,
ICKG-Weak,concat,101,8,3.853118574246764,0.5691179561807745,0.0328975610227209,0.5124489331809394,0.03858520900321544,0.06733046646839749,0.025,0.06733046646839749,0.04899255236868408,0.14821428571428572,0.018652611325671347,,,,,,,,,
ICKG-Weak,concat,17,1,3.5749143473803997,0.43826926186433823,0.02084176097556527,0.5046577466597068,0.030107526881720432,0.07836019344640034,0.02758620689655172,0.07836019344640034,0.04830530416739141,0.02477330920268894,0.020029553436399793,,,,,,,,,
ICKG-Weak,concat,29,1,3.432663092389703,0.678255517826825,0.0548060486804303,0.5104763991600475,0.032,0.1550994025131956,0.055172413793103454,0.1550994025131956,0.1119463097712755,0.25444096133751304,0.04295979048543951,,,,,,,,,
ICKG-Weak,concat,43,4,3.611371962353587,0.6486635944700461,0.05824883202629591,0.5630132492128591,0.15064102564102563,0.220827304879029,0.06206896551724138,0.220827304879029,0.16040447168573302,0.06312991503887735,0.0508946454711656,,,,,,,,,
ICKG-Weak,concat,71,25,5.66048626974225,0.5051465356940739,0.03327286565434008,0.5412958715560082,0.10068649885583524,0.10666814028882993,0.0353448275862069,0.10666814028882993,0.08779399357163933,0.037609267845069065,0.02653040158847878,,,,,,,,,
ICKG-Weak,full,101,17,15.907806081697345,0.30658824480556235,0.01950984679721834,0.5122158198219114,0.0364963503649635,0.05519351338316855,0.020689655172413796,0.05519351338316855,0.05233847865792256,0.15106110364731054,0.015388252525844396,,,,,,,,,
ICKG-Weak,full,17,2,10.247027941048145,0.7106160562697064,0.03913684404307038,0.5032177497261854,0.019933554817275746,0.06663217051148085,0.025,0.06663217051148085,0.04517572306744769,0.1258052292535051,0.018559571168839044,,,,,,,,,
ICKG-Weak,full,29,56,30.22369826771319,0.27867592368016814,0.01859946803984084,0.5121263362568604,0.03636363636363636,0.06439427430806739,0.024137931034482762,0.06439427430806739,0.059498759700986385,0.09974747474747475,0.01808840766117655,,,,,,,,,
ICKG-Weak,full,43,2,10.612354554235935,0.6305576441102758,0.0298497636622978,0.5042717565052687,0.023668639053254437,0.08722436567264152,0.027586206896551727,0.08722436567264152,0.04570517480354651,0.1437345052963714,0.0206179061889659,,,,,,,,,
ICKG-Weak,full,71,2,10.570003928616643,0.610540666181583,0.03060175640658727,0.500828320206674,0.024096385542168676,0.05635365592262143,0.024137931034482765,0.05635365592262143,0.04080896615782366,0.006874013973405454,0.01745780350428423,,,,,,,,,
ICKG-Weak,graph_only,101,13,3.9971688371151686,0.43014552510308024,0.051313594781709104,0.5629821860379821,0.13953488372093023,0.1174145299145299,0.0396551724137931,0.1174145299145299,0.13156739137549348,0.05579678941747908,0.029845220999443672,,,,,,,,,
ICKG-Weak,graph_only,17,10,4.17162923142314,0.4245844449834263,0.04422439538383717,0.5629821860379821,0.13953488372093023,0.1174145299145299,0.0396551724137931,0.1174145299145299,0.13156739137549348,0.05579678941747908,0.029845220999443672,,,,,,,,,
ICKG-Weak,graph_only,29,15,4.97352147847414,0.39459980596652916,0.049878227281581186,0.5634366469947676,0.14035087719298245,0.1174145299145299,0.0396551724137931,0.1174145299145299,0.13156739137549348,0.05602213878075948,0.029845220999443672,,,,,,,,,
ICKG-Weak,graph_only,43,12,4.575344391167164,0.403553642169941,0.04378050212453322,0.5634366469947676,0.14035087719298245,0.1174145299145299,0.0396551724137931,0.1174145299145299,0.13156739137549348,0.05602213878075948,0.029845220999443672,,,,,,,,,
ICKG-Weak,graph_only,71,21,4.914624232798815,0.4277726574500768,0.046030058836884886,0.5629821860379821,0.13953488372093023,0.1174145299145299,0.0396551724137931,0.1174145299145299,0.13156739137549348,0.05579678941747908,0.029845220999443672,,,,,,,,,
ICKG-Weak,no_align,101,21,16.13040851801634,0.27946357830059015,0.02109790789982831,0.5197260036417237,0.05263157894736842,0.06655714974680492,0.02241379310344828,0.06655714974680492,0.05856273671515845,0.10776608449022243,0.016978898089761944,,,,,,,,,
ICKG-Weak,no_align,17,2,7.683376995846629,0.6790013339801115,0.036657701849348356,0.5111334513762309,0.03669724770642202,0.06663217051148085,0.025,0.06663217051148085,0.04494111801905099,0.09893267651888342,0.018559571168839044,,,,,,,,,
ICKG-Weak,no_align,29,3,8.876333221793175,0.5791011803702806,0.03144011722470594,0.5084442708701198,0.02909090909090909,0.09885626825281997,0.03103448275862069,0.09885626825281997,0.06323559017458787,0.21867816091954023,0.023405884658512306,,,,,,,,,
ICKG-Weak,no_align,43,10,11.969238232821226,0.36098451774597784,0.022744539416433507,0.5265268954184088,0.07109004739336493,0.09601653136135896,0.028448275862068963,0.09601653136135896,0.07936929572304727,0.03159606902000411,0.021636631584565365,,,,,,,,,
ICKG-Weak,no_align,71,2,8.883219316601753,0.6132702724553318,0.03061101437553699,0.5108187553423794,0.03625377643504532,0.06819956863060311,0.025862068965517244,0.06819956863060311,0.04346673597225764,0.1289835474419653,0.01917391916725363,,,,,,,,,
ICKG-Weak,no_ltm,101,3,8.068635711446404,0.3029254588083111,0.020094617264176065,0.5232985888245025,0.06299212598425197,0.10089623020657504,0.024137931034482762,0.10089623020657504,0.07876224662714297,0.0757336533198602,0.01970214739953168,,,,,,,,,
ICKG-Weak,no_ltm,17,7,9.464985692873597,0.20490823833777994,0.012362675416079568,0.5011796836957921,0.014652014652014652,0.007204002893658066,0.0025862068965517245,0.007204002893658066,0.006858232294577699,0.2289124668435013,0.0018631309345327335,,,,,,,,,
ICKG-Weak,no_ltm,29,1,7.578876657411456,0.48203189425175846,0.043574793389389,0.5470524431242321,0.13143483023001096,0.2274653028963374,0.05689655172413793,0.2274653028963374,0.13953111421569925,0.05888523532689343,0.046649786454237674,,,,,,,,,
ICKG-Weak,no_ltm,43,1,7.835031110793352,0.4787996200177864,0.0361136864583438,0.5240399783585088,0.06823027718550106,0.24735451330278915,0.0603448275862069,0.24735451330278915,0.14193988281161674,0.049144141017873275,0.04890217570963856,,,,,,,,,
ICKG-Weak,no_ltm,71,1,6.829182155430317,0.42218712102837735,0.03192054085158043,0.5192798581033844,0.05687203791469194,0.1959046700426011,0.050862068965517246,0.1959046700426011,0.11981369939341831,0.09114240644413057,0.04042899920567594,,,,,,,,,
ICKG-Weak,no_overload,101,12,12.49029024131596,0.33749939364540377,0.017185345101008838,0.5085266303352263,0.03125,0.05591022961712617,0.020689655172413793,0.05591022961712617,0.04788132454132636,0.11603721948549535,0.015303691355522226,,,,,,,,,
ICKG-Weak,no_overload,17,2,7.995483234524727,0.6854596167838953,0.036303718741243135,0.4998950707662274,0.013333333333333334,0.06506477239235858,0.024137931034482765,0.06506477239235858,0.04391547010194465,0.12334217506631298,0.017901341170537703,,,,,,,,,
ICKG-Weak,no_overload,29,55,27.457154555246234,0.3266098714528256,0.01877695253566737,0.5074868402333191,0.027777777777777776,0.0590014870187284,0.019827586206896553,0.0590014870187284,0.056902637043977675,0.08052818828680898,0.014944839687928375,,,,,,,,,
ICKG-Weak,no_overload,43,2,8.563198940828443,0.6515595440213436,0.031570780297784845,0.5040978422256471,0.02346041055718475,0.08722436567264152,0.027586206896551727,0.08722436567264152,0.0462407477399798,0.1437345052963714,0.0206179061889659,,,,,,,,,
ICKG-Weak,no_overload,71,2,8.524014612659812,0.6013778397606921,0.03005417512697825,0.5109754336497712,0.0364741641337386,0.05635365592262143,0.024137931034482765,0.05635365592262143,0.04103760706769276,0.1289835474419653,0.01745780350428423,,,,,,,,,
ICKG-Weak,no_path,101,17,15.518325816839933,0.30658824480556235,0.01950984679721834,0.5122158198219114,0.0364963503649635,0.05519351338316855,0.020689655172413796,0.05519351338316855,0.05233847865792256,0.15106110364731054,0.015388252525844396,,,,,,,,,
ICKG-Weak,no_path,17,2,8.038901660591364,0.7106160562697064,0.03913684404307038,0.5032177497261854,0.019933554817275746,0.06663217051148085,0.025,0.06663217051148085,0.04517572306744769,0.1258052292535051,0.018559571168839044,,,,,,,,,
ICKG-Weak,no_path,29,56,31.880499528720975,0.27867592368016814,0.01859946803984084,0.5121263362568604,0.03636363636363636,0.06439427430806739,0.024137931034482762,0.06439427430806739,0.059498759700986385,0.09974747474747475,0.01808840766117655,,,,,,,,,
ICKG-Weak,no_path,43,2,11.035857986658812,0.6305576441102758,0.0298497636622978,0.5042717565052687,0.023668639053254437,0.08722436567264152,0.027586206896551727,0.08722436567264152,0.04570517480354651,0.1437345052963714,0.0206179061889659,,,,,,,,,
ICKG-Weak,no_path,71,2,8.403933327645063,0.610540666181583,0.03060175640658727,0.500828320206674,0.024096385542168676,0.05635365592262143,0.024137931034482765,0.05635365592262143,0.04080896615782366,0.006874013973405454,0.01745780350428423,,,,,,,,,
ICKG-Weak,no_resgate,101,13,12.967043615877628,0.33593499878729083,0.01743767430654762,0.5097202953842597,0.03289473684210526,0.058914409345443834,0.022413793103448276,0.058914409345443834,0.04837062658411493,0.1338197243369657,0.016641384577876565,,,,,,,,,
ICKG-Weak,no_resgate,17,2,7.476913833990693,0.6691025951976716,0.034859336556750255,0.4999861829342658,0.013422818791946308,0.06362799078316318,0.02327586206896552,0.06362799078316318,0.0422634490015701,0.12334217506631298,0.017267175494754906,,,,,,,,,
ICKG-Weak,no_resgate,29,44,27.01263403519988,0.31900638693507966,0.018763304541842506,0.5075583897337377,0.027874564459930314,0.06788340969375452,0.02327586206896552,0.06788340969375452,0.05822109578136593,0.06328680897646415,0.017561573193096973,,,,,,,,,
ICKG-Weak,no_resgate,43,2,8.17770834453404,0.6545110760772901,0.031894673224039834,0.5040978422256471,0.02346041055718475,0.08722436567264152,0.027586206896551727,0.08722436567264152,0.04633828714938594,0.1437345052963714,0.0206179061889659,,,,,,,,,
ICKG-Weak,no_resgate,71,2,8.011868614703417,0.5954840730859406,0.029669253289849384,0.5109754336497712,0.0364741641337386,0.05635365592262143,0.024137931034482765,0.05635365592262143,0.04103760706769276,0.1289835474419653,0.01745780350428423,,,,,,,,,
ICKG-Weak,no_stm,101,14,10.095921725034714,0.4198625596248686,0.045680295305728515,0.5629821860379821,0.13953488372093023,0.1174145299145299,0.0396551724137931,0.1174145299145299,0.132542863023415,0.05579678941747908,0.029845220999443672,,,,,,,,,
ICKG-Weak,no_stm,17,18,11.228364448994398,0.36556229282884634,0.04429390519525958,0.5629821860379821,0.13953488372093023,0.1174145299145299,0.0396551724137931,0.1174145299145299,0.132542863023415,0.05579678941747908,0.029845220999443672,,,,,,,,,
ICKG-Weak,no_stm,29,12,8.849221685901284,0.4132743148193063,0.044487161148085576,0.5629821860379821,0.13953488372093023,0.1174145299145299,0.0396551724137931,0.1174145299145299,0.13115812220751485,0.05579678941747908,0.029845220999443672,,,,,,,,,
ICKG-Weak,no_stm,43,42,17.36419988051057,0.4004026194518554,0.043102035257812456,0.5253414166994415,0.06293706293706294,0.1161247756075342,0.04051724137931035,0.1161247756075342,0.11915963081164573,0.016180036438657126,0.030666343230210422,,,,,,,,,
ICKG-Weak,no_stm,71,21,11.181218260899186,0.3935095804026195,0.045235034506201345,0.5629821860379821,0.13953488372093023,0.1174145299145299,0.0396551724137931,0.1174145299145299,0.132542863023415,0.05579678941747908,0.029845220999443672,,,,,,,,,
ICKG-Weak,no_time,101,13,12.609358835965395,0.3408909370199693,0.01920469226294095,0.5105115140924177,0.034013605442176874,0.05327780457090801,0.01982758620689655,0.05327780457090801,0.046501756386834826,0.15093048713738366,0.014676001813593683,,,,,,,,,
ICKG-Weak,no_time,17,2,8.531565038487315,0.7029945832322743,0.038727055236056976,0.512620203791505,0.038834951456310676,0.06663217051148085,0.025,0.06663217051148085,0.04528418526856327,0.134590122521157,0.018559571168839044,,,,,,,,,
ICKG-Weak,no_time,29,52,30.014513228088617,0.2751354191931441,0.01806990976020048,0.5089074450162485,0.02973977695167286,0.05663029499236396,0.021551724137931036,0.05663029499236396,0.054882917894987344,0.13266283524904215,0.0161603555274361,,,,,,,,,
ICKG-Weak,no_time,43,2,8.53175456263125,0.6291553480475381,0.02980624979518042,0.5051085958316934,0.024691358024691357,0.08879176379176379,0.028448275862068967,0.08879176379176379,0.04644893209500493,0.1439176245210728,0.02127613618726724,,,,,,,,,
ICKG-Weak,no_time,71,2,8.513635717332363,0.6107611771363894,0.030685354194744455,0.51129283340909,0.036923076923076927,0.05792105404174369,0.025,0.05792105404174369,0.041261251359859384,0.1289835474419653,0.01807215150269881,,,,,,,,,
ICKG-Weak,scalar_gate,101,9,12.153164887800813,0.3739311989651548,0.019134490040614623,0.49841787062613746,0.008064516129032258,0.06431489965972725,0.025,0.06431489965972725,0.05111375073567276,0.26108374384236455,0.01870486935287509,,,,,,,,,
ICKG-Weak,scalar_gate,17,2,9.149224825203419,0.7598094025386045,0.05700857869418055,0.5411380660659787,0.10766721044045677,0.15555890469683573,0.04655172413793104,0.15555890469683573,0.1202097834767355,0.04227092626126468,0.03615975520753109,,,,,,,,,
ICKG-Weak,scalar_gate,29,2,8.563395850360394,0.6766411997736276,0.04618143597035458,0.5392442201849228,0.10211267605633803,0.18390603649224338,0.05172413793103448,0.18390603649224338,0.12110102527764757,0.05838110992242518,0.04143107019828594,,,,,,,,,
ICKG-Weak,scalar_gate,43,1,7.829283660277724,0.7486714770797962,0.05434497766196865,0.5331548784071388,0.10832497492477432,0.18923485518313107,0.054310344827586204,0.18923485518313107,0.10931328412257016,0.0443390101780456,0.04239359913725317,,,,,,,,,
ICKG-Weak,scalar_gate,71,2,8.626960180699825,0.6951453229848816,0.04336783888822954,0.5408662495737702,0.10204081632653061,0.12245264314229833,0.03620689655172414,0.12245264314229833,0.0804097328214958,0.05135270579449611,0.027561108453957702,,,,,,,,,
ICKG-Weak,text_mlp,101,16,3.8622930981218815,0.37442537796103165,0.029581329656372606,0.5478796935458895,0.118491921005386,0.14283484714519196,0.03793103448275861,0.14283484714519196,0.11226359010174923,0.06203866001026245,0.030423053510294996,,,,,,,,,
ICKG-Weak,text_mlp,17,1,3.017524277791381,0.6299419920769668,0.06347709765665356,0.5671018289399554,0.18121363258520365,0.3566611070921416,0.0853448275862069,0.3566611070921416,0.1996728256073227,0.07512698408555095,0.07217468480690319,,,,,,,,,
ICKG-Weak,text_mlp,29,1,3.0344671346247196,0.5596675155631012,0.061430253388199504,0.5152037417386883,0.042704626334519574,0.22116087935053452,0.0603448275862069,0.22116087935053452,0.15578920939725927,0.21252052545155992,0.04879467035479546,,,,,,,,,
ICKG-Weak,text_mlp,43,1,2.752980874851346,0.37545254264693995,0.03330479453271442,0.5146859106857673,0.043478260869565216,0.13215443560271145,0.04051724137931035,0.13215443560271145,0.09095158873948131,0.19926854754440962,0.030817465049545342,,,,,,,,,
ICKG-Weak,text_mlp,71,4,3.0207134876400232,0.43979485002829666,0.03599307583528165,0.5424611924081357,0.11275964391691394,0.20978987487608178,0.054310344827586204,0.20978987487608178,0.1346021039368429,0.042159061831849275,0.04449896529503555,,,,,,,,,
SIM-Auto,avg_fusion,101,27,23.005041116848588,0.8436748936503891,0.34697317663337035,0.6740878991595178,0.40483383685800606,0.4536496183555007,0.3333333333333333,0.4536496183555007,0.49690079168172757,0.2288836163836164,0.229015738303664,0.7943535283725273,0.10338352234271495,0.23268698060941828,0.18020819050230816,0.38311794414735584,0.20896265470568876,0.7931034482758621,0.1882147264500206,0.40198306595365413
SIM-Auto,avg_fusion,17,33,23.773930687457323,0.8596871263060909,0.3672621834952349,0.6768422821956108,0.41359773371104813,0.4512043512043512,0.33333333333333337,0.4512043512043512,0.5140322542489204,0.23615548986392976,0.22862796817905176,0.8133415871039793,0.11690183858370926,0.25688073394495414,0.1738802047625577,0.313510101010101,0.19768814490176717,0.7586206896551724,0.17959778591266481,0.3176693404634581
SIM-Auto,avg_fusion,29,21,19.458507295697927,0.8560506557409185,0.3844065178829042,0.6644975226821361,0.39577836411609496,0.49091023355729246,0.3431372549019608,0.49091023355729246,0.5373415283334857,0.22548938839690308,0.2366866439576329,0.8225218091777048,0.12057988876999341,0.25748502994011974,0.18188674071027014,0.3711081402257873,0.2060214782351005,0.7931034482758621,0.1851547145664793,0.3752673796791444
SIM-Auto,avg_fusion,43,24,20.527664026245475,0.8540118797906333,0.37428733320193497,0.665609693219902,0.39444444444444443,0.4272978655331596,0.3235294117647059,0.4272978655331596,0.49670269020588276,0.22902006536164804,0.21578379026020622,0.8108934897430499,0.11480924674623692,0.26512968299711814,0.1969194204488322,0.38560606060606056,0.22018269827867354,0.7931034482758621,0.20018739430504137,0.3918449197860962
SIM-Auto,avg_fusion,71,36,27.048860900104046,0.8480994295348062,0.348252827055351,0.6799129590522208,0.4105960264900662,0.46193838840897666,0.32352941176470584,0.46193838840897666,0.4926390425445156,0.23212297506415155,0.22067642315656855,0.8173887571743728,0.1115320319356091,0.24742268041237114,0.18515471456647928,0.376010101010101,0.2099430468625515,0.7931034482758621,0.190103360691596,0.3801693404634581
SIM-Auto,concat,101,22,6.77982790209353,0.8082982101899591,0.3326165142432528,0.6330131445904954,0.33695652173913043,0.40419009095479685,0.2892156862745098,0.40419009095479685,0.47550966950632073,0.19645491040675253,0.19633094702298853,0.8016297382898676,0.11270376113944977,0.18064516129032257,0.24808149366972898,0.5575014854426619,0.2980137881840668,1.0,0.25028737602267015,0.5658199643493761
SIM-Auto,concat,17,36,7.6826368644833565,0.8090588304483347,0.333676749781034,0.6382836554208975,0.32558139534883723,0.4048436857260387,0.29411764705882354,0.4048436857260387,0.4795602482900846,0.18415978586257226,0.19630658945387394,0.8000758629843561,0.1190723147169711,0.19148936170212766,0.24415992504227796,0.5535799168152109,0.29409221955661585,1.0,0.24636580739521918,0.5618983957219251
SIM-Auto,concat,29,17,5.280009256675839,0.8085079688694596,0.3224599255223346,0.6406679704336633,0.3475783475783476,0.3947129667717903,0.29411764705882354,0.3947129667717903,0.4682792304345758,0.2008293801546397,0.19584711712739394,0.8056832016696722,0.10858168732757605,0.17757009345794392,0.2448135198135198,0.5280897207367795,0.29213143524289037,0.9655172413793104,0.247019402166461,0.5364081996434937
SIM-Auto,concat,43,23,5.99966798722744,0.808976495265727,0.32704997642274464,0.632448851961047,0.33516483516483514,0.41301362036656153,0.303921568627451,0.41301362036656153,0.47466663660290026,0.19515238939834917,0.20296293620309996,0.800691463068572,0.11222431037474691,0.19154929577464788,0.2448135198135198,0.5280897207367795,0.29213143524289037,0.9655172413793104,0.247019402166461,0.5364081996434937
SIM-Auto,concat,71,31,6.831174710765481,0.8081707866930662,0.33773310534856255,0.6299319727891156,0.3333333333333333,0.4192227706933589,0.29901960784313725,0.4192227706933589,0.48873803906072244,0.19252130762808312,0.2047666289880823,0.8035440485889256,0.11390597005110562,0.1793103448275862,0.24383312765665704,0.5315210932857992,0.2924115472877083,0.9655172413793104,0.2459092522241311,0.5398395721925134
SIM-Auto,full,101,27,23.732980623841286,0.8431259924330046,0.35260087631498954,0.6706060442233877,0.39622641509433965,0.46895881895881897,0.3284313725490196,0.46895881895881897,0.5087172167684133,0.223340629958277,0.229879434291199,0.8105210402497185,0.10335833741642383,0.25675675675675674,0.22089446501211207,0.39050802139037427,0.22809890824091927,0.7931034482758621,0.2273370420429244,0.3967468805704099
SIM-Auto,full,17,31,23.91136264614761,0.8511948403285565,0.3570129971138587,0.6772383049573016,0.4127906976744186,0.4706430824077884,0.32352941176470584,0.4706430824077884,0.5018755171592941,0.2403984542862984,0.22125157152415195,0.7881569070787144,0.11105337714637249,0.2339622641509434,0.19218085835732895,0.3429218657159834,0.20441083397739743,0.7586206896551724,0.19789843950743607,0.3470811051693405
SIM-Auto,full,29,37,27.14881514571607,0.8453882495932249,0.35960750685402626,0.6764872544957669,0.4115942028985507,0.4502125325654737,0.31862745098039214,0.4502125325654737,0.48291775306155627,0.22756173940018662,0.21585535095765274,0.8137552291680015,0.10982406392772615,0.271523178807947,0.19348804789981264,0.3956179441473559,0.22155164287012447,0.8275862068965517,0.20172663745328104,0.399777183600713
SIM-Auto,full,43,20,19.07733055576682,0.8478641861559271,0.37502859104473657,0.6658722126089653,0.40825688073394495,0.43322478175419354,0.32352941176470595,0.43322478175419354,0.5101887687853544,0.24242461562237796,0.2174394555557803,0.8245545481174996,0.11424363666060003,0.23595505617977527,0.1809063485534074,0.37306892453951274,0.20602147823510053,0.7931034482758621,0.1841240458887518,0.37722816399286985
SIM-Auto,full,71,31,24.981178229674697,0.8473427299994118,0.3412641956122916,0.659281937888903,0.3765432098765432,0.4629633438456968,0.32352941176470595,0.4629633438456968,0.49982416956570963,0.20174869824523803,0.21991811157600236,0.8177228746922,0.11018062973641415,0.2553191489361702,0.19050230814936697,0.3956179441473559,0.2183464082070893,0.7931034482758621,0.19377028200557617,0.399777183600713
SIM-Auto,graph_only,101,16,6.043421100825071,0.6951304620572034,0.1708077758830639,0.5883468316115676,0.2521489971346705,0.25400840989076284,0.21568627450980393,0.25400840989076284,0.2683576225405361,0.13145637042695868,0.13145637042695868,0.6015625715148797,0.02521253011306381,0.04336043360433604,0.2510226701403172,0.5663250148544265,0.30249558090115364,1.0,0.2510226701403172,0.5746434937611408
SIM-Auto,graph_only,17,5,4.622186517342925,0.6961831761776871,0.17726671154974116,0.586331497398563,0.2558746736292428,0.237995337995338,0.2107843137254902,0.237995337995338,0.2710205126638537,0.13443704937724796,0.12505292669652532,0.6142836383109216,0.0249813518458913,0.04495747266099635,0.2510226701403172,0.5663250148544265,0.30249558090115364,1.0,0.2510226701403172,0.5746434937611408
SIM-Auto,graph_only,29,1,4.037667028605938,0.6982101899590283,0.1770534266239613,0.5958928468995583,0.2550335570469799,0.24926984779925956,0.22058823529411764,0.24926984779925956,0.278910947395307,0.12784885206476268,0.13233534055333362,0.6127709555761011,0.026293211482825485,0.05649717514124294,0.24710110151286624,0.5630570409982174,0.2989305185125618,0.9655172413793104,0.24710110151286624,0.5692959001782532
SIM-Auto,graph_only,43,21,5.342404067516327,0.6985316892434965,0.1688933940094394,0.583428560538202,0.2506527415143603,0.2294986059691942,0.196078431372549,0.2294986059691942,0.24840280173428736,0.1301252973661579,0.11765074936430435,0.6066201038052781,0.024635229317618957,0.05391743892165122,0.2510226701403172,0.5663250148544265,0.30249558090115364,1.0,0.25179666394836675,0.5746434937611408
SIM-Auto,graph_only,71,18,5.203209511935711,0.6939228793789575,0.16728633309959934,0.583428560538202,0.2506527415143603,0.2294986059691942,0.196078431372549,0.2294986059691942,0.2497173593699081,0.1301252973661579,0.11765074936430435,0.6003044817516912,0.024470959395528395,0.04780433574207893,0.2506958727546963,0.5427956030897207,0.30053479658742815,0.9655172413793104,0.2506958727546963,0.551114081996435
SIM-Auto,no_align,101,27,21.433739252388477,0.8484875811099567,0.34208008509124826,0.6901668351870577,0.44021739130434784,0.47059280588692354,0.33333333333333337,0.47059280588692354,0.4952834560722791,0.26093534868922263,0.22805870599988248,0.8234612286370752,0.10768286198886481,0.2413793103448276,0.18609054344348464,0.397823826500297,0.21736601605022657,0.7931034482758621,0.1906464834665527,0.40198306595365413
SIM-Auto,no_align,17,29,23.18903877772391,0.8468722432416538,0.36611168564384644,0.6639365233584325,0.39106145251396646,0.4699392111156817,0.32352941176470584,0.4699392111156817,0.5103188988773187,0.21959265228925384,0.22137833331604959,0.8168080563514367,0.11382553437027465,0.2596491228070175,0.21162530280177336,0.4025623885918004,0.2293917354288871,0.7931034482758621,0.21461316461316457,0.40880124777183596
SIM-Auto,no_align,29,30,25.037613313645124,0.8519927074552547,0.37091189112811523,0.6764172042718367,0.4186046511627907,0.46161159102335564,0.3284313725490196,0.46161159102335564,0.5076499151774204,0.24177502497142142,0.22377902455301837,0.82567704566883,0.11438961927588402,0.26822157434402333,0.18188674071027014,0.34659833630421866,0.20406069392137502,0.7586206896551724,0.1859236495914697,0.35075757575757577
SIM-Auto,no_align,43,24,20.40604865923524,0.8605379231930368,0.40002885061140797,0.6908491240808449,0.43804034582132567,0.502342428813017,0.3480392156862745,0.502342428813017,0.5475364431512139,0.2525965338029894,0.24326366787667097,0.8171621980355721,0.11813955460118632,0.2678062678062678,0.1848279171808584,0.3549316696375519,0.20869810444113848,0.7931034482758621,0.18691770046259212,0.359090909090909
SIM-Auto,no_align,71,31,24.97759742848575,0.847364293975809,0.33124644169454837,0.6720068906115417,0.4,0.48595799625211394,0.33823529411764713,0.48595799625211394,0.4996552950622174,0.22133838383838383,0.23464652497041463,0.8252244995102661,0.10772990462638067,0.24126984126984127,0.18188674071027014,0.34659833630421866,0.20406069392137502,0.7586206896551724,0.1859236495914697,0.35075757575757577
SIM-Auto,no_ltm,101,38,23.906302182003856,0.8468349963733313,0.397260237389767,0.6755381433001624,0.4093567251461988,0.4793717720188309,0.3431372549019608,0.4793717720188309,0.5346262883739006,0.2385632389525123,0.23819121549043243,0.6943700054008037,0.1305734771997354,0.2809364548494983,0.20569267333973218,0.4465166369578134,0.23982992984540974,0.896551724137931,0.20828782904907472,0.4548351158645276
SIM-Auto,no_ltm,17,50,29.19599105603993,0.8497637764403756,0.3907265189791985,0.6793235222375803,0.40816326530612246,0.5270841903194844,0.3627450980392157,0.5270841903194844,0.5521054022612809,0.22865737203972497,0.2557256418483882,0.7039838937048597,0.1447965687404454,0.2807017543859649,0.2139814433932081,0.471026440879382,0.251719129969904,0.8620689655172413,0.21950890324592742,0.4793449197860962
SIM-Auto,no_ltm,29,47,25.54948417842388,0.8494187528180196,0.40464558697594055,0.6871059262645305,0.423841059602649,0.5546037296037296,0.38235294117647056,0.5546037296037296,0.5643675287696268,0.24205206558147735,0.2750327172284446,0.6994172395485294,0.155974704995466,0.27936507936507937,0.21692261986379632,0.4783793820558526,0.25592081064217287,0.896551724137931,0.22441086403024116,0.48669786096256684
SIM-Auto,no_ltm,43,51,28.016270713880658,0.8505518417596204,0.406249105127255,0.6904628860530091,0.43343653250773995,0.5060743178390237,0.36764705882352944,0.5060743178390237,0.5649339026118851,0.2589913701964251,0.2604145019181878,0.6967408666916874,0.13897071842217615,0.28938906752411575,0.21104026692261985,0.4651440879382056,0.247797561342453,0.896551724137931,0.21475587081123412,0.4734625668449198
SIM-Auto,no_ltm,71,52,28.28277100250125,0.8478700672403992,0.4026089133245239,0.6823035850495804,0.4166666666666667,0.5336886969239911,0.3676470588235294,0.5336886969239911,0.5630486555058041,0.23472653376745445,0.26066774440476864,0.6965211729813352,0.1365811081198638,0.2847222222222222,0.21104026692261985,0.4651440879382056,0.247797561342453,0.8620689655172413,0.21755699125941338,0.4734625668449198
SIM-Auto,no_overload,101,27,23.107805609703064,0.8054125580757092,0.33087095116927295,0.6325194804110891,0.3173431734317343,0.41578568490333195,0.29901960784313725,0.41578568490333195,0.4782709110285392,0.17442687279455746,0.202449775473221,0.5633009666523254,0.06263534118994771,0.17829457364341086,0.2095639654463184,0.4406342840166369,0.2515852167554954,0.9310344827586207,0.2100283617311481,0.44895276292335107
SIM-Auto,no_overload,17,7,11.230437204241753,0.8131010958420734,0.362214132314186,0.650400418073191,0.3564356435643564,0.43621623474564647,0.3137254901960784,0.43621623474564647,0.5077295867742574,0.2024863208686738,0.21465715126250548,0.5643353578719003,0.07557742838547948,0.20095693779904306,0.22030371589195122,0.4635472370766488,0.26328626080948064,0.9655172413793104,0.22161090543443487,0.46978609625668444
SIM-Auto,no_overload,29,3,9.340412557125092,0.8103016996334125,0.32837214225361827,0.6402904652587929,0.34972677595628415,0.42129667717903013,0.30882352941176466,0.42129667717903013,0.48474967557789433,0.20070010055304172,0.20965479309132562,0.5225981298572906,0.06981625938502801,0.1761006289308176,0.22814685314685315,0.535650623885918,0.2773618910615815,1.0,0.2294540426893368,0.5418894830659537
SIM-Auto,no_overload,43,45,30.691649954766035,0.8049185469800632,0.3147662821258665,0.6199455059090986,0.2975778546712803,0.37722359340006395,0.2745098039215686,0.37722359340006395,0.44781125184389575,0.1640629191780087,0.1814441826006204,0.5564904616314088,0.05180091040720089,0.17582417582417584,0.19159010923716807,0.4174316696375519,0.23181892640096977,0.9310344827586207,0.19426215844900965,0.421590909090909
SIM-Auto,no_overload,71,4,9.932480487972498,0.809717511909196,0.34237298394606014,0.6453971873812239,0.3466666666666667,0.41313245577951463,0.303921568627451,0.41313245577951463,0.49110568986892955,0.19500421723605116,0.20386716725270723,0.5492703193797315,0.0750799149538991,0.18584070796460178,0.2203037158919512,0.4627302436125965,0.2633626550035219,0.896551724137931,0.22128410804881393,0.4668894830659536
SIM-Auto,no_path,101,27,23.34455681964755,0.8511987610515379,0.37496842281641496,0.6883106253090736,0.4319526627218935,0.5163444398738517,0.34803921568627455,0.5163444398738517,0.5490744613964743,0.2472826483420451,0.2456468013373384,0.7741159616634474,0.12640955572861715,0.23283582089552238,0.21778988984871342,0.4475787284610813,0.24065372814868038,0.8620689655172413,0.2253858694170113,0.45173796791443843
SIM-Auto,no_path,17,37,27.34743459150195,0.8498108251161514,0.3754791524585481,0.6645914979656025,0.4019370460048426,0.44331093742858446,0.3186274509803922,0.44331093742858446,0.5085866152080376,0.22558519884507866,0.2136839854332114,0.7658305337641771,0.12468634368146782,0.2565597667638484,0.1999794323323735,0.45174539512774803,0.23786512478462943,0.8620689655172413,0.20621604462434914,0.45590463458110514
SIM-Auto,no_path,29,24,21.33393806964159,0.85301993687636,0.37189912390980867,0.6760816840168689,0.4094955489614243,0.49853398235751173,0.3431372549019608,0.49853398235751173,0.5423799353386501,0.2286861344612962,0.23957146123873496,0.7831977792627445,0.12597673778144186,0.25274725274725274,0.20798596828008595,0.37797088532382644,0.22589337956480235,0.8275862068965517,0.2145438855646468,0.38213012477718356
SIM-Auto,no_path,43,29,22.62678548693657,0.8500872360863343,0.3778605715153145,0.6901521010569734,0.4388888888888889,0.45344165638283285,0.32843137254901966,0.45344165638283285,0.5118176488063846,0.24272244132404186,0.22446144619186673,0.7307350356544584,0.11128671848260521,0.26515151515151514,0.2199769185063303,0.39855912061794413,0.24188925159782607,0.8620689655172413,0.2260926981515217,0.40271836007130124
SIM-Auto,no_path,71,31,26.346731824800372,0.8481974476093391,0.3527295531795889,0.6642430819316332,0.39690721649484534,0.4797934092051739,0.3284313725490196,0.4797934092051739,0.5090995874498279,0.2316145677116792,0.22740509696833486,0.7668351747938084,0.11034603264511106,0.23243243243243245,0.21218405777229307,0.3622846108140225,0.22921113687367559,0.8275862068965517,0.2153609735334376,0.36644385026737963
SIM-Auto,no_resgate,101,36,24.512969192117453,0.858628531101135,0.4035309871268631,0.6901623543254848,0.44086021505376344,0.47517368252662373,0.3333333333333333,0.47517368252662373,0.5293683418985955,0.24632371367888725,0.22977987683414747,0.791065560264731,0.1267880405680546,0.25274725274725274,0.209519402166461,0.49136957813428395,0.25076822329144316,0.9655172413793104,0.21231924402111985,0.49968805704099817
SIM-Auto,no_resgate,17,26,20.63188350945711,0.8578796730117033,0.4022151817659079,0.6924508605580186,0.44321329639889195,0.4828031445678504,0.33823529411764713,0.4828031445678504,0.5396244983158003,0.2543861437016001,0.23457108654645334,0.7667865446756315,0.1252566547136648,0.23935091277890466,0.20253782165546874,0.4219251336898396,0.23957010768156278,0.9655172413793104,0.2061029628822381,0.4281639928698752
SIM-Auto,no_resgate,29,21,17.43312218412757,0.8586324518241163,0.40335650395456657,0.6931415624569705,0.44623655913978494,0.5038815759403995,0.34803921568627455,0.5038815759403995,0.5460370687879241,0.2640264838530837,0.24193255437504924,0.7750124721950148,0.12234990144144405,0.23758099352051837,0.2172437040084099,0.4954545454545454,0.25912348458788087,1.0,0.22098387912902573,0.5016934046345811
SIM-Auto,no_resgate,43,24,20.718056354671717,0.8581894101272275,0.39411823124502415,0.6969514121663194,0.45231607629427795,0.47369738105032216,0.3431372549019608,0.47369738105032216,0.5220032501908805,0.26208709787279066,0.2377497963815099,0.7877507025621779,0.12185416734730574,0.24282560706401765,0.22312605694958637,0.4460635769459298,0.2608614525023194,0.9655172413793104,0.22737442296265828,0.45646167557932255
SIM-Auto,no_resgate,71,31,23.953483598306775,0.8639097449569699,0.39084490317105425,0.6801881246325691,0.42857142857142855,0.45540244069655833,0.32843137254901966,0.45540244069655833,0.5162673120669975,0.24628344249976095,0.22388803035256122,0.7902474300412841,0.12027120987883483,0.233201581027668,0.20025023995612232,0.4144087938205585,0.2352920328152526,0.9655172413793104,0.20312435141701213,0.4227272727272727
SIM-Auto,no_stm,101,18,12.369369747117162,0.6943247534845425,0.17427141772092375,0.5849710319508977,0.2348993288590604,0.2294986059691942,0.196078431372549,0.2294986059691942,0.2585639629098755,0.11972459757827911,0.11765074936430435,0.5262797158628013,0.01625122478651787,0.03483606557377049,0.20891037067507656,0.4266191325014854,0.2429052801343823,0.896551724137931,0.20891037067507656,0.4349376114081996
SIM-Auto,no_stm,17,23,13.9299346357584,0.6978573248907098,0.17520112258442105,0.583428560538202,0.2506527415143603,0.2605443576031811,0.22549019607843138,0.2605443576031811,0.2796942587694708,0.1301252973661579,0.13733872336813513,0.5369977939089919,0.017243502698977092,0.038882138517618466,0.2118515471456648,0.43250148544266187,0.24682684876183328,0.896551724137931,0.2118515471456648,0.4408199643493761
SIM-Auto,no_stm,29,20,13.172238802537322,0.6988571092509458,0.17408708269900075,0.583428560538202,0.2506527415143603,0.2294986059691942,0.196078431372549,0.2294986059691942,0.2538367005281986,0.1301252973661579,0.11765074936430435,0.541919161868495,0.01742286289542979,0.03706823925863521,0.21577311577311578,0.43642305407011284,0.2507484173892842,0.896551724137931,0.21577311577311578,0.44474153297682706
SIM-Auto,no_stm,43,12,9.611766267567873,0.6970574974025209,0.1700712665213625,0.583428560538202,0.2506527415143603,0.2294986059691942,0.196078431372549,0.2294986059691942,0.25271496973407265,0.1301252973661579,0.11765074936430435,0.5465292970716659,0.016825070635083636,0.03523693803159174,0.2118515471456648,0.433972073677956,0.2471069608066512,0.896551724137931,0.2118515471456648,0.44229055258467015
SIM-Auto,no_stm,71,15,11.180304411798716,0.6951245809727313,0.1685006418523678,0.583428560538202,0.2506527415143603,0.2294986059691942,0.196078431372549,0.2294986059691942,0.2515776585745237,0.1301252973661579,0.11765074936430435,0.5578698406305209,0.018330695059788047,0.03444034440344403,0.20891037067507656,0.4266191325014854,0.2429052801343823,0.896551724137931,0.20891037067507656,0.4349376114081996
SIM-Auto,no_time,101,30,25.130233876407146,0.8452020152516124,0.37131932386884836,0.688455668980809,0.43352601156069365,0.44417249417249416,0.3137254901960784,0.44417249417249416,0.491143861574583,0.2593796345142421,0.2105857667407001,0.8196217377772489,0.11898458414935299,0.25660377358490566,0.20835732894556425,0.3557486631016043,0.21743604406143108,0.7586206896551724,0.2129132689686323,0.3619875222816399
SIM-Auto,no_time,17,29,24.954689087346196,0.8500519495795025,0.3722248931750516,0.672162048515957,0.3987341772151899,0.4588281000045706,0.32352941176470584,0.4588281000045706,0.4993612756039018,0.2179036649624885,0.21867132583245114,0.7811919299177064,0.11540452260115329,0.23880597014925373,0.22023515699986287,0.40623885918003566,0.23625448052692632,0.7931034482758621,0.22399195383624448,0.4124777183600713
SIM-Auto,no_time,29,30,24.99955438449979,0.8467310972143263,0.351868028925207,0.6757395738371685,0.41040462427745666,0.4871017871017872,0.34313725490196073,0.4871017871017872,0.5227407586301487,0.23238756390257265,0.23626058324200744,0.8257554259769505,0.11594411105705806,0.2727272727272727,0.19148270030622974,0.3956179441473559,0.2192598170488869,0.7931034482758621,0.19972128985969814,0.399777183600713
SIM-Auto,no_time,43,29,23.315265368670225,0.8489404246142989,0.3698670553637057,0.6755381433001624,0.4093567251461988,0.4699894876365465,0.32352941176470595,0.4699894876365465,0.5077448379059565,0.2334225876425365,0.22330271955053216,0.7936915866462839,0.11040201433954693,0.25098039215686274,0.2007964257964258,0.39194147355912057,0.21869654826311172,0.7931034482758621,0.20574507192154254,0.3961007130124777
SIM-Auto,no_time,71,20,18.22435176745057,0.851110544784458,0.3723539298730074,0.6517174105823234,0.3811764705882353,0.47080648110059875,0.31862745098039214,0.47080648110059875,0.5240145567377291,0.22597165779609582,0.21972940547663614,0.8232855880926009,0.1277354039323929,0.25936599423631124,0.20373188902600667,0.4022727272727273,0.2302962173705208,0.8275862068965517,0.20732666026783675,0.4085115864527629
SIM-Auto,scalar_gate,101,35,27.411871053278446,0.8528356628962381,0.3838871097829827,0.670315373707782,0.39344262295081966,0.43911284793637734,0.3186274509803922,0.43911284793637734,0.47628928077860877,0.212417484476308,0.21568123886403598,0.8090157950623839,0.12293329803611187,0.27044025157232704,0.22628662187485718,0.3674316696375519,0.2354744847341428,0.7586206896551724,0.23207560413442768,0.3715909090909091
SIM-Auto,scalar_gate,17,37,26.605771150439978,0.8571621807061222,0.372784226317474,0.681659134235846,0.41916167664670656,0.48481420540244075,0.3382352941176471,0.48481420540244075,0.5105406699712196,0.24015552525277925,0.2330504537564707,0.7653476652966322,0.11723107540257732,0.22857142857142856,0.18515471456647928,0.3792780748663102,0.21223487268378907,0.8275862068965517,0.18842268842268844,0.3855169340463458
SIM-Auto,scalar_gate,29,35,26.7592148873955,0.8547234910117425,0.3712144651195666,0.6807054037451113,0.4169184290030212,0.4608894373600256,0.3137254901960784,0.4608894373600256,0.4998769824174294,0.2333522296118204,0.21291776858950023,0.8110119183837866,0.12058953139914402,0.2549019607843137,0.1877690936514466,0.34986631016042785,0.20826237459364394,0.7586206896551724,0.19142892862616048,0.35610516934046343
SIM-Auto,scalar_gate,43,33,26.719986954703927,0.8419929034914039,0.3478106030279773,0.6553751343023373,0.3842364532019704,0.42930892636774987,0.3235294117647059,0.42930892636774987,0.493394574267642,0.22352220831004296,0.21662178438662488,0.7850005263495143,0.10919943476842882,0.23529411764705882,0.19642922437040086,0.33605912061794413,0.21306247645256934,0.7241379310344828,0.19942807096786339,0.34021836007130124
SIM-Auto,scalar_gate,71,25,22.171031672507524,0.8594224775048518,0.3812277687154265,0.6719142384994563,0.39603960396039606,0.49580648110059883,0.3382352941176471,0.49580648110059883,0.5307347344617566,0.22428542218015904,0.23620831128907582,0.8202104482667082,0.12527717383041098,0.27424749163879597,0.18809589103706753,0.38189245395127747,0.2138646154900025,0.7931034482758621,0.19131358837241194,0.3860516934046346
SIM-Auto,text_mlp,101,15,3.8297821637243032,0.6917978475230834,0.2653467894801279,0.6270237761116234,0.3020408163265306,0.3535422094245623,0.25,0.3535422094245623,0.4312183978233613,0.1581450316311908,0.16030644080347944,0.7798617531558085,0.12387786765870583,0.2185430463576159,0.2476415741121624,0.5234328579916815,0.2911215576076257,0.9655172413793104,0.24971769867963645,0.5317513368983957
SIM-Auto,text_mlp,17,21,5.023592259734869,0.6930407167081609,0.2702332624121536,0.6250176867626531,0.3087248322147651,0.3535422094245623,0.25,0.3535422094245623,0.4491040392086021,0.17394419615999593,0.16030644080347944,0.7807983120199921,0.12485381810538035,0.21993127147766323,0.2402886329356918,0.5197563874034462,0.286219596823312,0.9655172413793104,0.24236475750316586,0.5280748663101604
SIM-Auto,text_mlp,29,22,4.875637635588646,0.6925290623590991,0.26768990461895975,0.6373910360256114,0.31896551724137934,0.3535422094245623,0.25,0.3535422094245623,0.4364992224409263,0.1717315793941181,0.16030644080347944,0.7813057816061442,0.12870133223160996,0.23255813953488372,0.2476415741121624,0.5234328579916815,0.2911215576076257,0.9655172413793104,0.24971769867963645,0.5317513368983957
SIM-Auto,text_mlp,43,16,4.218963714316487,0.6922624531963694,0.2624604946572278,0.6277421856687482,0.3065134099616858,0.3535422094245623,0.25,0.3535422094245623,0.4337356389876793,0.16720460279921215,0.16030644080347944,0.7804693435735013,0.1254877810069161,0.2251655629139073,0.2476415741121624,0.5234328579916815,0.2911215576076257,0.9655172413793104,0.24971769867963645,0.5317513368983957
SIM-Auto,text_mlp,71,25,5.318788770586252,0.6926427633255573,0.26942439712787514,0.6373910360256114,0.31896551724137934,0.3535422094245623,0.25,0.3535422094245623,0.44775004104115856,0.1717315793941181,0.16030644080347944,0.7787632846040479,0.12422948140485122,0.22666666666666666,0.2476415741121624,0.5234328579916815,0.2911215576076257,0.9655172413793104,0.24971769867963645,0.5317513368983957
SIM-Energy,avg_fusion,101,10,13.60240632481873,0.7875046711509717,0.2837236064082137,0.5950243501730916,0.2564102564102564,0.35899047706857035,0.20098039215686272,0.35899047706857035,0.3887713944075831,0.14069315445476438,0.14823640315854847,0.8442161557419577,0.13060954390815574,0.21021021021021022,0.21058263631793042,0.5394024276377218,0.27147939343140187,1.0,0.21058263631793042,0.5501089324618738
SIM-Energy,avg_fusion,17,5,10.566267970949411,0.7773168908819132,0.23170229485271987,0.5810596725928534,0.23076923076923078,0.31252689163439673,0.18137254901960786,0.31252689163439673,0.3393852403390483,0.12298487268210453,0.12494972347913524,0.7931349446558285,0.10599442833865837,0.20618556701030927,0.181698775081128,0.4784780578898226,0.23277861900398383,0.9565217391304348,0.181698775081128,0.48246187363834425
SIM-Energy,avg_fusion,29,26,20.344745567068458,0.826819413303438,0.3635276240928096,0.6234753857175065,0.32189973614775724,0.4563850618617353,0.25,0.4563850618617353,0.48158201982460347,0.16972786479706894,0.1893125662657624,0.8008515111553096,0.15914666276161527,0.27472527472527475,0.17183829242652776,0.4727357609710551,0.22156003174733427,0.9130434782608695,0.17183829242652776,0.48344226579520694
SIM-Energy,avg_fusion,43,5,10.594516843557358,0.7753480007473841,0.2553606720523734,0.5940510815301127,0.24822695035460993,0.33458330040480144,0.19117647058823528,0.33458330040480144,0.3681412562391033,0.12842893528917299,0.131478171962601,0.8233627799636805,0.10723450765739774,0.20057306590257878,0.18790792540792542,0.4889822595704949,0.23875517842570648,1.0,0.18790792540792542,0.49640522875817
SIM-Energy,avg_fusion,71,11,13.328482186421752,0.775478792974589,0.26292384580912154,0.5932996065205172,0.24,0.3445272779958378,0.20098039215686272,0.3445272779958378,0.37653944457088645,0.14158355143009876,0.14194107507256298,0.819343031174334,0.10362034593158971,0.2178988326848249,0.19924528086292792,0.5084500466853408,0.25533862339789826,0.9565217391304348,0.19924528086292792,0.5157952069716776
SIM-Energy,concat,101,15,5.381166268140078,0.768551476083707,0.26071819586722045,0.5968819814335049,0.26299694189602446,0.3559347093069203,0.20098039215686275,0.3559347093069203,0.37909753164635857,0.146777729191224,0.14440612610845724,0.7697177122967831,0.07265598340325553,0.13545816733067728,0.19852312719959778,0.5070494864612511,0.25358792311778616,0.9565217391304348,0.19852312719959778,0.517755991285403
SIM-Energy,concat,17,17,5.24132039770484,0.7770272795216743,0.25723640517196433,0.58470800902341,0.23157894736842105,0.32607731180246396,0.18627450980392157,0.32607731180246396,0.3575546789947581,0.12770088558924836,0.13384026008593483,0.7732726565202352,0.07470478663019482,0.14345991561181434,0.19558195072900955,0.5178338001867413,0.25378400154915876,0.9565217391304348,0.19558195072900955,0.5285403050108932
SIM-Energy,concat,29,10,4.750049808993936,0.7783959267563527,0.2599838286260526,0.5840352657309726,0.23208191126279865,0.325962720511402,0.18627450980392157,0.325962720511402,0.35742236856087894,0.1266376299594293,0.13125950245145293,0.7752480759252853,0.0770693286384469,0.14096916299559473,0.19558195072900955,0.5178338001867413,0.25378400154915876,0.9565217391304348,0.19558195072900955,0.5285403050108932
SIM-Energy,concat,43,12,4.765762722119689,0.7603139013452915,0.26291396647209364,0.6049052274586699,0.2747603833865815,0.35961117989515556,0.20588235294117646,0.35961117989515556,0.4009049132177618,0.15355153785084583,0.1471512241476729,0.7646845814597025,0.07480096910189483,0.11846689895470383,0.19558195072900958,0.5119514472455649,0.25113694272562936,0.9565217391304348,0.19558195072900958,0.5226579520697169
SIM-Energy,concat,71,11,4.935640323907137,0.7777489723467863,0.25813792973902194,0.5934621457033306,0.24734982332155478,0.34619840099049026,0.20098039215686272,0.34619840099049026,0.37274807611279615,0.14047781423942415,0.14275634855037517,0.7730152574801107,0.07676784227295419,0.13636363636363635,0.19558195072900958,0.5119514472455649,0.25113694272562936,0.9565217391304348,0.19558195072900958,0.5226579520697169
SIM-Energy,full,101,8,13.116374297067523,0.7906250000000001,0.2819099917430571,0.5970571938681278,0.25675675675675674,0.387867482416164,0.2156862745098039,0.387867482416164,0.4151791759524979,0.14025335846087983,0.15963991193047833,0.8412665383950191,0.13285720656135835,0.20809248554913296,0.2076414598473422,0.5246965452847806,0.2665774326470881,1.0,0.2076414598473422,0.5354030501089325
SIM-Energy,full,17,5,10.669881120324135,0.7822449551569506,0.2612959785634312,0.5978738508401973,0.26058631921824105,0.3445272779958378,0.20098039215686272,0.3445272779958378,0.3769298589973956,0.14408801982331393,0.14194107507256298,0.8141187089242476,0.12267472948513453,0.2564102564102564,0.1875811280223045,0.4868814192343604,0.2396990342288973,0.9565217391304348,0.1875811280223045,0.49422657952069715
SIM-Energy,full,29,9,12.810218961909413,0.7747921337817638,0.2794580207812362,0.6028608112430067,0.256198347107438,0.35402090303205924,0.19607843137254902,0.35402090303205924,0.40157374013193525,0.155416152474976,0.1460772061464103,0.8164967787962643,0.1372644121745161,0.21301775147928995,0.2068118972530737,0.5394024276377218,0.2662272925910657,1.0,0.2068118972530737,0.5501089324618738
SIM-Energy,full,43,4,9.846857655793428,0.7856408819133035,0.2624313234677033,0.5765914948197741,0.21678321678321677,0.3360563033991026,0.19117647058823528,0.3360563033991026,0.3701759708221015,0.11603528757319942,0.1374023515892028,0.8149699498443445,0.1302475544009343,0.2196969696969697,0.20545443118972534,0.5472455648926238,0.2680573579505428,1.0,0.20545443118972534,0.5579520697167757
SIM-Energy,full,71,8,12.068032851442695,0.7854540358744395,0.2712659387036916,0.5847962989381865,0.2302158273381295,0.35426358631226784,0.20098039215686272,0.35426358631226784,0.38483815282464884,0.12768575011375483,0.14687250465797178,0.8255564143030094,0.12043116424163418,0.21262458471760798,0.19336292792175144,0.4986461251167134,0.24798568222142764,0.9565217391304348,0.19336292792175144,0.5059912854030502
SIM-Energy,graph_only,101,3,4.405709646642208,0.6848748131539611,0.13720662396141942,0.5483640783360452,0.16551724137931034,0.20636925616641638,0.1323529411764706,0.20636925616641638,0.24162676978023387,0.08308515529877758,0.08579440785323139,0.5627101078778969,0.014691937443508673,0.01694915254237288,0.20146430367018606,0.5217553688141924,0.2584898839020999,0.9565217391304348,0.20146430367018606,0.5324618736383443
SIM-Energy,graph_only,17,1,3.3896803483366966,0.6562593423019432,0.11032236754631794,0.5284662532187285,0.12454212454212454,0.19663294784998642,0.13235294117647062,0.19663294784998642,0.18162201841560133,0.057225454284277805,0.08238658208381391,0.5385321633950191,0.013428920835038391,0.013904982618771726,0.2059891905480141,0.5413632119514473,0.2658428250785705,0.9565217391304348,0.2059891905480141,0.5520697167755992
SIM-Energy,graph_only,29,1,3.628156518563628,0.6646954409566517,0.1117678698842524,0.5483640783360452,0.16551724137931034,0.2030500601494516,0.1323529411764706,0.2030500601494516,0.18543564938273457,0.08308515529877758,0.08438375350140057,0.5481586172604634,0.014521920821481685,0.017953321364452424,0.20146430367018606,0.5217553688141924,0.2584898839020999,0.9565217391304348,0.20146430367018606,0.5324618736383443
SIM-Energy,graph_only,43,1,4.0823927987366915,0.6665522234678625,0.11223023255506982,0.5483640783360452,0.16551724137931034,0.19471431205711126,0.1323529411764706,0.19471431205711126,0.17591627259123868,0.08308515529877758,0.08183871587850826,0.5578526299290902,0.014235257879716134,0.016901408450704224,0.20146430367018606,0.5217553688141924,0.2584898839020999,0.9565217391304348,0.20146430367018606,0.5324618736383443
SIM-Energy,graph_only,71,4,4.520207205787301,0.685995889387145,0.12918924824749028,0.5483640783360452,0.16551724137931034,0.20636925616641638,0.1323529411764706,0.20636925616641638,0.2070077589263011,0.08308515529877758,0.08579440785323139,0.5855429565894155,0.016003888434936605,0.0325950689511074,0.20146430367018606,0.5217553688141924,0.2584898839020999,0.9565217391304348,0.20146430367018606,0.5324618736383443
SIM-Energy,no_align,101,9,13.52355688251555,0.77476644245142,0.2733689716403185,0.6052055544154866,0.26515151515151514,0.31792146325614884,0.18137254901960784,0.31792146325614884,0.3691315801941968,0.14843439912644066,0.12689545652348422,0.8226419275337253,0.09887051745408494,0.22570532915360503,0.20354392339686456,0.5197945845004669,0.2606250516947072,1.0,0.20354392339686456,0.5305010893246188
SIM-Energy,no_align,17,7,12.066783705726266,0.7805306427503738,0.2808704247972398,0.5967262028633239,0.2588996763754045,0.35426358631226784,0.20098039215686275,0.35426358631226784,0.4137653097530581,0.1448586698313524,0.14359085263064505,0.8295464372189554,0.1312573816615121,0.26778242677824265,0.18758112802230448,0.48828197945845003,0.24013156018045442,0.9565217391304348,0.18758112802230448,0.49226579520697156
SIM-Energy,no_align,29,9,13.87757883220911,0.7743647234678626,0.2726692900338551,0.597137127191772,0.2459016393442623,0.3687267853850004,0.20098039215686275,0.3687267853850004,0.4056486138954616,0.14769933107529015,0.14999877477386128,0.8160103554133518,0.14881077383051386,0.25,0.2068118972530737,0.5394024276377218,0.2662272925910657,1.0,0.2068118972530737,0.5501089324618738
SIM-Energy,no_align,43,4,10.587109783664346,0.7885930493273542,0.2660890571103864,0.5782243045617612,0.2206896551724138,0.3277205553067622,0.19117647058823528,0.3277205553067622,0.3751138070722247,0.12056017445102744,0.13417963716406622,0.8275426431165687,0.14193191333955463,0.2608695652173913,0.19537398875634168,0.5144724556489262,0.25225657898593057,1.0,0.19537398875634168,0.5218954248366012
SIM-Energy,no_align,71,8,12.090375320985913,0.7852625186846038,0.27339702256095866,0.5847962989381865,0.2302158273381295,0.35426358631226784,0.20098039215686272,0.35426358631226784,0.39816145437572686,0.12897857493599144,0.14632463845266613,0.8250510744552059,0.11978286017414366,0.2271062271062271,0.19630410439233967,0.5133520074696545,0.2528876430057414,0.9565217391304348,0.19630410439233967,0.5206971677559913
SIM-Energy,no_ltm,101,7,10.32350498996675,0.7964359118086697,0.32306306820923575,0.6352717391967457,0.314410480349345,0.39472781275519614,0.22058823529411767,0.39472781275519614,0.42160265148615156,0.17251037576114975,0.15508324999755643,0.6640800652888273,0.06845113055126315,0.14457831325301204,0.1619218200100553,0.41741363211951443,0.20745809011041447,0.8695652173913043,0.1619218200100553,0.4212418300653594
SIM-Energy,no_ltm,17,6,10.640978194773197,0.7907394431988042,0.3002968573848962,0.5957663669267081,0.26392961876832843,0.4045317343238236,0.22549019607843138,0.4045317343238236,0.4122489735528242,0.1460069407131992,0.15897598356157028,0.6328016905914908,0.054051297373527665,0.11074918566775244,0.18474736048265458,0.4867413632119515,0.2385077222394809,0.9130434782608695,0.18460730446024562,0.49400871459694995
SIM-Energy,no_ltm,29,7,10.258344944566488,0.7872477578475336,0.30308913484104777,0.5974323069031015,0.26506024096385544,0.4072302275142032,0.22058823529411767,0.4072302275142032,0.4105769293743194,0.1467032314091138,0.16054732919602707,0.6551758150294016,0.060201771261920826,0.12408759124087591,0.1589806435394671,0.40270774976657325,0.2025561293261007,0.8695652173913043,0.15737636546460076,0.40653594771241824
SIM-Energy,no_ltm,43,8,10.327259164303541,0.7985659566517189,0.3218884978120332,0.634765625,0.3125,0.4072302275142032,0.22058823529411767,0.4072302275142032,0.41151255896366534,0.23702390445811503,0.16054732919602707,0.6447271705292286,0.06204492179676436,0.10150375939849623,0.1619218200100553,0.41741363211951443,0.20745809011041447,0.8695652173913043,0.1619218200100553,0.4212418300653594
SIM-Energy,no_ltm,71,5,8.914333058521152,0.7869254484304933,0.31035463042653105,0.6197692471963938,0.2880658436213992,0.39472781275519614,0.22058823529411767,0.39472781275519614,0.40929390627350387,0.16580841544076838,0.15508324999755643,0.6276793821342096,0.057904290174100696,0.1021021021021021,0.19389768728004025,0.49234360410831,0.24777255349167487,0.9565217391304348,0.1922934092051739,0.503050108932462
SIM-Energy,no_overload,101,9,13.2010063752532,0.7728746263079223,0.2716460228829586,0.5968819814335049,0.26299694189602446,0.35426358631226784,0.20098039215686275,0.35426358631226784,0.3987292518569316,0.143218954248366,0.14359085263064505,0.520610839674853,0.046223197224472753,0.14942528735632185,0.19472039398509985,0.5186741363211951,0.2540619046967776,1.0,0.19472039398509985,0.5293028322440088
SIM-Energy,no_overload,17,5,10.209406858310103,0.7832866218236174,0.2624389084039457,0.5978738508401973,0.26058631921824105,0.3380847009650255,0.19607843137254902,0.3380847009650255,0.37088611933862614,0.141894178485874,0.13569083742094123,0.5184867909028018,0.04440100059711072,0.13023255813953488,0.18159822203939854,0.48632119514472455,0.23635938464357298,0.9565217391304348,0.18159822203939854,0.4903050108932462
SIM-Energy,no_overload,29,9,13.083824606612325,0.7618133408071749,0.26477867171971736,0.5856494435117826,0.2222222222222222,0.33396742709623034,0.18627450980392157,0.33396742709623034,0.38140536579963014,0.13172730767886479,0.1383741249139173,0.5204378891387064,0.049301787298151226,0.14285714285714285,0.20354392339686456,0.5373015873015873,0.2636697478340325,1.0,0.20354392339686456,0.547930283224401
SIM-Energy,no_overload,43,4,9.778211250901222,0.7853279147982062,0.2577963163438575,0.5859960860974526,0.23048327137546468,0.3323798328108673,0.18627450980392157,0.3323798328108673,0.363508550856894,0.12860293301469772,0.13465725354998712,0.5038116676755447,0.041953762920833394,0.15,0.19303613053613056,0.534640522875817,0.2560218532115628,0.9130434782608695,0.19303613053613056,0.5418300653594772
SIM-Energy,no_overload,71,8,11.698181400075555,0.7822542974588939,0.27124919065038994,0.5842334532816165,0.22939068100358423,0.34249888042991494,0.19607843137254902,0.34249888042991494,0.3893720459799153,0.1276785677536313,0.1404622482477154,0.5208918842960913,0.05143598258932993,0.14201183431952663,0.2021864573335162,0.5276377217553688,0.2624551170541843,1.0,0.2021864573335162,0.5383442265795207
SIM-Energy,no_path,101,9,14.621274137869477,0.7815349402092676,0.2761150784777144,0.6079526880442212,0.2706766917293233,0.3444596647436404,0.19607843137254902,0.3444596647436404,0.38709886922587694,0.15157024911801503,0.13854883582392236,0.7807716836734695,0.08049495909580914,0.1262135922330097,0.18883804104392338,0.5088702147525678,0.24670896352030697,1.0,0.1879233210889557,0.5194989106753813
SIM-Energy,no_path,17,5,11.717907946556807,0.7830203662182361,0.26482639072950265,0.5948981534361317,0.2549019607843137,0.32631999508267256,0.19117647058823528,0.32631999508267256,0.3640529267667812,0.13843974652798183,0.13201436683270595,0.4988893332756832,0.013438865889092811,0.02346041055718475,0.1829556881027469,0.48295985060690944,0.2367438521560682,0.9565217391304348,0.1829556881027469,0.4903050108932462
SIM-Energy,no_path,29,9,13.238289192318916,0.7748972346786247,0.2762445466639681,0.6005499312585927,0.25396825396825395,0.39279095650799506,0.20098039215686275,0.39279095650799506,0.4053786327591275,0.15257105927521153,0.15205652094925454,0.7613458254064338,0.08035646241520257,0.1205564142194745,0.1976615704556881,0.5333800186741363,0.2589638654810913,1.0,0.19605729238082176,0.5440087145969499
SIM-Energy,no_path,43,4,11.886554090306163,0.785482062780269,0.26214493068364225,0.5755366161616162,0.2152777777777778,0.34586022496773006,0.19607843137254902,0.34586022496773006,0.37468131543000205,0.11603528757319942,0.14322006328926745,0.5473235904531304,0.03709087933698135,0.03712871287128713,0.2021864573335162,0.5276377217553688,0.2624551170541843,1.0,0.2021864573335162,0.5383442265795207
SIM-Energy,no_path,71,8,12.179369064047933,0.7839919656203288,0.265587217842281,0.5858276320076184,0.2332155477031802,0.33409551908537716,0.19117647058823528,0.33409551908537716,0.37555053962396284,0.13179406010441777,0.13580538550261734,0.6049755707367692,0.05132764199826185,0.11347517730496454,0.18159822203939854,0.48632119514472455,0.23635938464357298,0.9565217391304348,0.18159822203939854,0.4903050108932462
SIM-Energy,no_resgate,101,10,12.56277027912438,0.7851971225710015,0.2921907579288255,0.5922385367691776,0.25236593059936907,0.35899047706857035,0.20098039215686272,0.35899047706857035,0.4015440188447988,0.14022489014658018,0.14823640315854847,0.658519975786925,0.09702487085713093,0.22818791946308725,0.19472039398509988,0.5011671335200747,0.25101720855745224,1.0,0.19472039398509988,0.5118736383442266
SIM-Energy,no_resgate,17,6,10.98774191364646,0.7818292227204784,0.27498149182779924,0.6002597989684872,0.26791277258566976,0.35426358631226784,0.20098039215686275,0.35426358631226784,0.3913522125926102,0.15135857510424985,0.14359085263064505,0.5997201714372189,0.069088503249933,0.15,0.18159822203939854,0.48632119514472455,0.23635938464357298,0.9565217391304348,0.18159822203939854,0.4903050108932462
SIM-Energy,no_resgate,29,9,13.012323960661888,0.7744184417040358,0.27684409084071937,0.5984852994742137,0.25622775800711745,0.36968171281051604,0.19117647058823528,0.36968171281051604,0.3969632942955332,0.15063565475330182,0.1434780895767055,0.7124548707194743,0.09821744715617398,0.21160409556313994,0.20354392339686456,0.5197945845004669,0.2606250516947072,1.0,0.20354392339686456,0.5305010893246188
SIM-Energy,no_resgate,43,4,9.829686252400279,0.7853956464872945,0.2659152237408687,0.5771227671790888,0.21754385964912282,0.3323798328108673,0.18627450980392157,0.3323798328108673,0.3648117591967835,0.11830344780171768,0.13465725354998712,0.5511447163611207,0.06101238902592329,0.17989417989417988,0.18421260112436585,0.49402427637721746,0.24115478106301033,0.9130434782608695,0.18421260112436585,0.4979302832244009
SIM-Energy,no_resgate,71,8,11.156991371884942,0.788899009715994,0.2913452648369679,0.5875283446712019,0.2357142857142857,0.3421837543794948,0.1911764705882353,0.3421837543794948,0.3987889987924699,0.13374766205801975,0.1394705438736581,0.659396889052231,0.08788784939305545,0.16346153846153846,0.187480574980575,0.49472455648926233,0.24327979986848647,0.9565217391304348,0.187480574980575,0.5020697167755992
SIM-Energy,no_stm,101,1,7.015288267284632,0.6862154334828101,0.1175350685715256,0.5483640783360452,0.16551724137931034,0.18822958650544858,0.12745098039215688,0.18822958650544858,0.1725421474228024,0.08308515529877758,0.07873414071510958,0.4220398434797648,0.010853783247852732,0.018691588785046728,0.19597730700671878,0.5049486461251168,0.2523485526893079,1.0,0.19597730700671878,0.5155773420479303
SIM-Energy,no_stm,17,1,6.593250406906009,0.67859211509716,0.11057158294783381,0.5284662532187285,0.12454212454212454,0.2030500601494516,0.1323529411764706,0.2030500601494516,0.17085194344313295,0.057225454284277805,0.08438375350140057,0.4791662162746454,0.01352038110993353,0.0408997955010225,0.19313668357786004,0.5029878618113912,0.24791344531302406,0.9565217391304348,0.19313668357786004,0.5136165577342048
SIM-Energy,no_stm,29,1,6.893808614462614,0.6783538863976084,0.1111542319470894,0.5483640783360452,0.16551724137931034,0.2030500601494516,0.1323529411764706,0.2030500601494516,0.16551564666419227,0.08308515529877758,0.08438375350140057,0.37499729764787265,0.01008935053936398,0.025296850800206504,0.19798836784130902,0.5162931839402427,0.2544049165818385,1.0,0.19798836784130902,0.5236383442265795
SIM-Energy,no_stm,43,1,6.8928571082651615,0.6764480568011958,0.12131271092025153,0.5483640783360452,0.16551724137931034,0.2030500601494516,0.1323529411764706,0.2030500601494516,0.19167079281889082,0.08308515529877758,0.08438375350140057,0.39564732142857145,0.010064690117192805,0.025296850800206504,0.18871920563097033,0.43155929038281976,0.2358767695370674,0.8695652173913043,0.18871920563097033,0.4422657952069717
SIM-Energy,no_stm,71,1,7.055687319487333,0.6773215620328847,0.12796881691233153,0.5483640783360452,0.16551724137931034,0.22972118314410406,0.14215686274509806,0.22972118314410406,0.21713556667602368,0.08308515529877758,0.08989527117818076,0.3976227408336216,0.00983444817101347,0.0025157232704402514,0.1750622743269802,0.47133520074696544,0.22754681613790984,0.9130434782608695,0.1750622743269802,0.47516339869281055
SIM-Energy,no_time,101,10,13.864523386582732,0.7889971038863975,0.2782451678268651,0.6111176935897566,0.27309236947791166,0.403843418245041,0.2156862745098039,0.403843418245041,0.4007389544503946,0.16123369133749754,0.15993700647679887,0.8359645235212729,0.13228603565761934,0.20915032679738563,0.21058263631793042,0.5394024276377218,0.27147939343140187,1.0,0.21058263631793042,0.5501089324618738
SIM-Energy,no_time,17,8,12.94080882705748,0.7819062967115097,0.27979886084575306,0.5984481535901512,0.24793388429752067,0.36266694765680574,0.2058823529411765,0.36266694765680574,0.4163937726547211,0.14876822523881347,0.14824771537574308,0.8205584140435835,0.12276527117899172,0.24193548387096775,0.17929235796882856,0.46335200746965444,0.23031058831344678,0.9130434782608695,0.17929235796882856,0.4706971677559912
SIM-Energy,no_time,29,9,13.837552346289158,0.7782978325859492,0.27490423984737283,0.590404432598065,0.22641509433962265,0.3402699481046337,0.18627450980392157,0.3402699481046337,0.38430734151555124,0.13288929208046857,0.1381990548859061,0.8219122924593567,0.1333773824454683,0.24150943396226415,0.2068118972530737,0.5394024276377218,0.2662272925910657,1.0,0.2068118972530737,0.5501089324618738
SIM-Energy,no_time,43,4,10.846927735954523,0.7859421711509715,0.26239094595001133,0.5755366161616162,0.2152777777777778,0.3360563033991026,0.19117647058823528,0.3360563033991026,0.3706431589237837,0.11557202534523131,0.1374023515892028,0.8271413438256658,0.1373916786896282,0.24615384615384617,0.19957207824854883,0.5388422035480859,0.2611369427256293,1.0,0.19957207824854883,0.5461873638344228
SIM-Energy,no_time,71,8,12.755672287195921,0.7817965246636771,0.2703889419727428,0.5853620383462821,0.23104693140794225,0.3444596647436404,0.19607843137254902,0.3444596647436404,0.39043069243267015,0.12833216252487312,0.14105479295790713,0.8033734812781045,0.11457804389327074,0.2043343653250774,0.19336292792175144,0.4986461251167134,0.24798568222142764,0.9565217391304348,0.19336292792175144,0.5059912854030502
SIM-Energy,scalar_gate,101,10,14.22567086853087,0.782870889387145,0.29732623947868475,0.6113066237656042,0.27956989247311825,0.3812474205983334,0.2107843137254902,0.3812474205983334,0.40256746690448025,0.160050149105362,0.15214872088392395,0.8336931965582843,0.11949846110782525,0.1875,0.21058263631793042,0.5394024276377218,0.27147939343140187,1.0,0.21058263631793042,0.5501089324618738
SIM-Energy,scalar_gate,17,7,11.448892641812563,0.776340620328849,0.2878123744069707,0.6174953597554318,0.2868217054263566,0.3616395774610785,0.21078431372549017,0.3616395774610785,0.40322032142469494,0.1709239150265177,0.14917791717782614,0.8274304955032861,0.11923686356328062,0.22895622895622897,0.20092954431189725,0.5309990662931839,0.2593068773661522,0.9565217391304348,0.20092954431189725,0.5383442265795209
SIM-Energy,scalar_gate,29,5,10.91472578421235,0.7932968983557549,0.2889860491598248,0.6098680436029833,0.2857142857142857,0.369415101463783,0.2107843137254902,0.369415101463783,0.3972175782520435,0.16030490726030067,0.15061143176012967,0.8177885031131097,0.1323967960706775,0.20618556701030927,0.1891648384295443,0.5123716153127917,0.24619763366867323,1.0,0.1891648384295443,0.5197167755991285
SIM-Energy,scalar_gate,43,11,14.586972581222653,0.7733604260089686,0.27561840099725365,0.6113245903789424,0.27715355805243447,0.3464880623095633,0.20098039215686272,0.3464880623095633,0.38774931656091205,0.15442510920452096,0.14253361978275475,0.8148064575406434,0.11949579268842937,0.20735785953177258,0.1976615704556881,0.5333800186741363,0.2589638654810913,0.9565217391304348,0.1976615704556881,0.5440087145969499
SIM-Energy,scalar_gate,71,16,17.10241014510393,0.7883478139013453,0.31175439092314094,0.5950403079796459,0.27154046997389036,0.3990090707129247,0.2156862745098039,0.3990090707129247,0.4315834117723992,0.14741175402940107,0.1576408165075985,0.8262117346938774,0.10991042120895084,0.20846905537459284,0.18476564285387817,0.47357609710550885,0.23355465831996597,0.9565217391304348,0.18476564285387817,0.4842047930283224
SIM-Energy,text_mlp,101,18,4.543953532353044,0.6319927130044843,0.21574213052201502,0.6092429309820614,0.2636363636363636,0.2700524880798715,0.16666666666666669,0.2700524880798715,0.34221301186869907,0.14629724850313086,0.10545453409903538,0.6983803452525078,0.052820662260689655,0.11570247933884298,0.19558195072900955,0.5178338001867413,0.25378400154915876,0.9565217391304348,0.19558195072900955,0.5285403050108932
SIM-Energy,text_mlp,17,34,6.453723803162575,0.6504741218236174,0.22001162650645922,0.5977208261589266,0.23030303030303031,0.28794464494261657,0.1715686274509804,0.28794464494261657,0.35653780575516897,0.1313076047115761,0.1105301321131771,0.706039486769284,0.05406106277293227,0.08045977011494253,0.19558195072900955,0.5178338001867413,0.25378400154915876,0.9565217391304348,0.19558195072900955,0.5285403050108932
SIM-Energy,text_mlp,29,1,3.0157557670027018,0.6434463751868461,0.2138100870817608,0.6076528434932085,0.2583732057416268,0.27978879639630144,0.16666666666666669,0.27978879639630144,0.349130828984663,0.1368074893691592,0.10707547659368029,0.6339312737806988,0.03558155096124589,0.05384615384615385,0.20146430367018606,0.5217553688141924,0.2584898839020999,0.9565217391304348,0.20146430367018606,0.5324618736383443
SIM-Energy,text_mlp,43,25,5.515172239392996,0.6502031950672645,0.21815271948466552,0.59688506910674,0.2289156626506024,0.2741515414943406,0.16176470588235295,0.2741515414943406,0.34549780111779926,0.12640564392726236,0.10433677241635719,0.6984641181684538,0.05306912361193639,0.11494252873563218,0.19558195072900955,0.5178338001867413,0.25378400154915876,0.9565217391304348,0.19558195072900955,0.5285403050108932
SIM-Energy,text_mlp,71,18,4.63409186527133,0.6319249813153962,0.21784559155678834,0.6152129512179391,0.2694300518134715,0.2680240905139485,0.16176470588235298,0.2680240905139485,0.3503748932130156,0.14434272801679654,0.10342784106888214,0.6992707702784504,0.05909435403137127,0.12903225806451613,0.19558195072900955,0.5178338001867413,0.25378400154915876,0.9565217391304348,0.19558195072900955,0.5285403050108932
SIM-Semi,avg_fusion,101,36,25.423415631055832,0.8742047739609706,0.6040046208573028,0.7305827592627072,0.5365853658536586,0.44623436209368744,0.5980392156862746,0.44623436209368744,0.6993691804594795,0.3522891107081345,0.32364015612463143,0.8182096119225474,0.22923984624504187,0.32340425531914896,0.3466189039718451,0.34841712753477466,0.3219362370369537,0.8837209302325582,0.3466189039718451,0.34910340204457857
SIM-Semi,avg_fusion,17,37,27.339361676946282,0.881001052313527,0.6145469031322105,0.7314259118074533,0.5383177570093458,0.4440417275687371,0.5931372549019608,0.4440417275687371,0.6849554965158909,0.3460386172634179,0.320081214872545,0.8295361745371012,0.2312462989558179,0.3326226012793177,0.364492207139266,0.3780343077401901,0.34862739887299093,0.9534883720930233,0.364492207139266,0.37881862146568024
SIM-Semi,avg_fusion,29,34,25.608952401205897,0.880189416434845,0.6176510216475265,0.726681390598706,0.5293005671077504,0.44811834149189833,0.5931372549019608,0.44811834149189833,0.6839232603497237,0.3398913465288878,0.3218768094071883,0.826062396647089,0.22263945781840697,0.3297180043383948,0.35076671694318756,0.3675383657736599,0.33708886592245535,0.9534883720930233,0.35076671694318756,0.3682246402834638
SIM-Semi,avg_fusion,43,36,26.84815937280655,0.877777430479584,0.6113000248752559,0.719401401362481,0.5093945720250522,0.434309629601345,0.5735294117647058,0.434309629601345,0.6849592594502028,0.32523079113769837,0.30847549963439674,0.8200885474792072,0.23072759491557604,0.3236514522821577,0.3482780291603821,0.3585442553089612,0.33067198285657967,0.9069767441860465,0.3482780291603821,0.35923052981876513
SIM-Semi,avg_fusion,71,36,26.461952408775687,0.8782702466164475,0.6083733097099135,0.7392801251956183,0.5563380281690141,0.43137204431081855,0.5784313725490197,0.43137204431081855,0.6669547458037881,0.36015287536715884,0.3080667255542859,0.8211080755789799,0.2252778281287311,0.32671081677704195,0.36182755153343393,0.37442445354210063,0.3455288432205641,0.9534883720930233,0.36182755153343393,0.37511072805190454
SIM-Semi,concat,101,7,4.058687578886747,0.8277800352160369,0.4838195720673974,0.6865173326272301,0.46210720887245843,0.3729956089653892,0.5196078431372549,0.3729956089653892,0.5932069163525758,0.29005302876683126,0.2607880099224972,0.8004018544465171,0.1406968443460437,0.1657754010695187,0.37777777777777777,0.3971472862649333,0.36362306398533745,1.0,0.3800402212166918,0.39802963920610973
SIM-Semi,concat,17,6,3.8096255883574486,0.8303920649308703,0.483983742114146,0.6871654470708081,0.4612476370510397,0.38435850813663747,0.5147058823529411,0.38435850813663747,0.5918502054995428,0.2910502641290118,0.26185615020826,0.7995169906076133,0.14247606439099997,0.20278330019880716,0.3836601307189542,0.40106885489238425,0.3683289463382786,1.0,0.38592257415786824,0.4019512078335607
SIM-Semi,concat,29,6,4.630279742181301,0.8264026505798144,0.4864537122263567,0.6811714708056171,0.45075757575757575,0.3877014913183303,0.5245098039215687,0.3877014913183303,0.6065280942473095,0.28087997457192504,0.26783608159222244,0.8005492468983945,0.14198892860403556,0.18652849740932642,0.38104575163398696,0.40249487984782095,0.36767985911718326,1.0,0.383308195072901,0.4033772327889974
SIM-Semi,concat,43,6,4.671676449477673,0.8267454338969984,0.48521698400817787,0.6845684694855245,0.4581005586592179,0.3854390478794163,0.5196078431372548,0.3854390478794163,0.6035238363186957,0.283898670010819,0.2650832563241842,0.798833232186642,0.14440276255147022,0.2,0.37777777777777777,0.3971472862649333,0.36362306398533745,1.0,0.3800402212166918,0.39802963920610973
SIM-Semi,concat,71,7,4.243917832151055,0.8256576959543234,0.48337932650307397,0.6855466344606755,0.4601113172541744,0.37880115699105105,0.5147058823529411,0.37880115699105105,0.5977906058646071,0.2897370550765267,0.26070230201504574,0.7974634242703182,0.1481973702227008,0.19471947194719472,0.37777777777777777,0.3971472862649333,0.36362306398533745,1.0,0.3800402212166918,0.39802963920610973
SIM-Semi,full,101,44,32.295952102169394,0.8770501880619719,0.6095128805696746,0.7363277839660415,0.5506216696269982,0.43606120108556334,0.5735294117647058,0.43606120108556334,0.6969500373208377,0.359494034670028,0.3084377059415759,0.8251956068394171,0.22869628308394951,0.32217573221757323,0.35664906988436396,0.36567873303167425,0.33933444429471377,0.9534883720930233,0.35664906988436396,0.36636500754147816
SIM-Semi,full,17,38,29.288159251213074,0.8811958866001938,0.6201406329689345,0.7378998953802103,0.5454545454545454,0.4444984319896359,0.5931372549019608,0.4444984319896359,0.7010580423234206,0.34867887866609093,0.32007576219091616,0.8246686597316693,0.23711561687721433,0.3305439330543933,0.3639517345399699,0.3827308530249707,0.3508704581273965,0.9534883720930233,0.3639517345399699,0.3834171275347746
SIM-Semi,full,29,28,23.92682350613177,0.8790308296606549,0.6113066177543891,0.7329177057356608,0.55,0.43251777177863165,0.5833333333333333,0.43251777177863165,0.6846088465353773,0.3567148529746258,0.3116595686869772,0.8196848092604208,0.22901828498480775,0.3333333333333333,0.34488436400201106,0.3636167971462089,0.3323829835695142,0.9534883720930233,0.34488436400201106,0.36430307165601283
SIM-Semi,full,43,34,27.541071947664022,0.8774179768491024,0.610301625025375,0.7244673178929615,0.5225933202357563,0.42750371883123994,0.5686274509803921,0.42750371883123994,0.6708812576172205,0.33156088816988466,0.30368984792117076,0.819777470490962,0.23212320184524643,0.3326226012793177,0.37077677224736044,0.3756808877397113,0.3500664846581259,0.9302325581395349,0.37077677224736044,0.37646520146520146
SIM-Semi,full,71,41,30.42181425727904,0.8787901520124194,0.6116451971311077,0.7384860242397129,0.5521023765996343,0.44915450256266143,0.5980392156862745,0.44915450256266143,0.6964301038582107,0.3563532733126159,0.32562252714838835,0.82329045120928,0.23670980314192042,0.3216494845360825,0.3546882855706386,0.37159639924345805,0.34091165107516375,0.9534883720930233,0.3546882855706386,0.37228267375326196
SIM-Semi,graph_only,101,13,4.904335029423237,0.7424269892372289,0.3406404976910158,0.6299319727891156,0.3741496598639456,0.31064331479981033,0.4509803921568627,0.31064331479981033,0.4793431390140658,0.21916759700193406,0.2120125428308411,0.6342602680862502,0.05144843013529409,0.09628378378378379,0.3745098039215687,0.3986480077656548,0.3628700865436704,1.0,0.3745098039215687,0.39943232149114494
SIM-Semi,graph_only,17,6,3.8769565485417843,0.7393044311776534,0.3368065093776529,0.6363673743877571,0.38178633975481613,0.30139104482647777,0.4362745098039216,0.30139104482647777,0.46225709507482754,0.22541636584838254,0.20535976474644138,0.6355272322192262,0.051547936750402173,0.090311986863711,0.3745098039215687,0.3986480077656548,0.3628700865436704,1.0,0.3745098039215687,0.39943232149114494
SIM-Semi,graph_only,29,7,4.273992506787181,0.735114973067025,0.3342165606836656,0.6368743549060163,0.3761638733705773,0.31125982673345787,0.4509803921568627,0.31125982673345787,0.4679832124427353,0.21936606748928097,0.21278511403151096,0.6342358299595141,0.05153552224675817,0.08614864864864864,0.3790346907993967,0.40144912821383405,0.3663302941561272,1.0,0.3790346907993967,0.4022334419393242
SIM-Semi,graph_only,43,12,5.3463368602097034,0.742544723324894,0.341176663486138,0.6299319727891156,0.3741496598639456,0.31064331479981033,0.4509803921568627,0.31064331479981033,0.47788086116461437,0.21916759700193406,0.2120125428308411,0.6335047226679917,0.05154938966451728,0.09498207885304659,0.3757667169431876,0.3998151412857295,0.3641516449186544,1.0,0.3757667169431876,0.40059945501121963
SIM-Semi,graph_only,71,5,4.572041776031256,0.7347919857468822,0.3495914670666387,0.6345602967966113,0.37545126353790614,0.31064331479981033,0.4509803921568627,0.31064331479981033,0.4948749717145741,0.2201262402572746,0.2120125428308411,0.6307941271108432,0.050320804607459635,0.08860759493670886,0.3745098039215687,0.3986480077656548,0.3628700865436704,1.0,0.3745098039215687,0.39943232149114494
SIM-Semi,no_align,101,37,26.009680468589067,0.8771668802550558,0.6088555907127722,0.7271599179235763,0.5252525252525253,0.4408326027277337,0.5882352941176471,0.4408326027277337,0.6894967032552838,0.3363172860850879,0.31610867479433197,0.8234831560211472,0.22921074657217863,0.31512605042016806,0.3559954751131222,0.37465069788599203,0.34320856984267073,0.9534883720930233,0.3559954751131222,0.37533697239579594
SIM-Semi,no_align,17,37,27.231934059411287,0.8780472811760907,0.6142540086064909,0.7271599179235763,0.5252525252525253,0.42957942090694196,0.5784313725490197,0.42957942090694196,0.6760078448402618,0.3421854137010559,0.3116027760586893,0.8222245924942367,0.22857269593481414,0.33755274261603374,0.3489693313222725,0.3706009241303359,0.33767147128231634,0.9534883720930233,0.3489693313222725,0.3711891594244536
SIM-Semi,no_align,29,33,24.698422187939286,0.8759634920138781,0.601056054915535,0.7360712937926852,0.5471349353049908,0.4306155819777051,0.5833333333333333,0.4306155819777051,0.681420256290113,0.3525510472486453,0.31502143883798217,0.8190198885621423,0.2304670704567696,0.3228511530398323,0.35610859728506794,0.37333093921329213,0.34222352109171256,0.9534883720930233,0.35610859728506794,0.37401721372309604
SIM-Semi,no_align,43,28,23.862633913755417,0.8779399660342366,0.6014937026121775,0.7383629147199622,0.5567010309278351,0.4485851948999282,0.5931372549019608,0.4485851948999282,0.6895305186617839,0.36587059717911496,0.3240974497719178,0.8269408963904886,0.21671686117075148,0.31947483588621445,0.3595399698340874,0.37535768153415217,0.3451486590491394,0.9767441860465116,0.3595399698340874,0.3761419952596423
SIM-Semi,no_align,71,36,26.738905316218734,0.8781535544233634,0.6053851525652411,0.7375241246208988,0.5519713261648745,0.4470536622265269,0.5931372549019607,0.4470536622265269,0.6857295206950005,0.3573811919189335,0.3230231692359375,0.8287251342060459,0.23384923397168583,0.3404255319148936,0.3526772247360483,0.3684020445785152,0.3382654161105897,0.9534883720930233,0.3526772247360483,0.36908831908831913
SIM-Semi,no_ltm,101,49,29.012407755479217,0.8695798039154397,0.6075225709222439,0.7416432715702789,0.5538461538461539,0.47466107804861163,0.6176470588235293,0.47466107804861163,0.7162550458575387,0.3538421272217465,0.33721115414226877,0.6651207854413932,0.1980588548896356,0.33191489361702126,0.37549019607843137,0.39650467179878945,0.36217159028537926,1.0,0.38157983884627483,0.3972889855242796
SIM-Semi,no_ltm,17,45,27.505329160019755,0.870011148272018,0.6071113984043165,0.7527015793848713,0.5833333333333334,0.45109194420598553,0.5931372549019607,0.45109194420598553,0.6932532824127006,0.38002686434375244,0.32344159730415617,0.6628149463583117,0.18590405025562548,0.32589285714285715,0.35390899949723487,0.38121989121989125,0.34445209767411866,0.9767441860465116,0.3644042232277527,0.38190616572969516
SIM-Semi,no_ltm,29,47,26.735988287255168,0.8687442044613927,0.607139472706925,0.7395679957002328,0.5580589254766031,0.4561004693551756,0.6029411764705882,0.4561004693551756,0.6948508054297631,0.35565679418620594,0.3277741819037587,0.6662047181876686,0.1876846466374005,0.32589285714285715,0.35647310206133737,0.371128076716312,0.34088544174789565,0.9767441860465116,0.3649905361843078,0.3718143512261159
SIM-Semi,no_ltm,43,51,27.751054061576724,0.8673751549818189,0.6066347885839655,0.7481594250561114,0.5766062602965404,0.45454130806048,0.5882352941176471,0.45454130806048,0.6892357975756649,0.3747060657011545,0.3194355441111497,0.6638558578189786,0.19484719568556502,0.32558139534883723,0.3412770236299648,0.36195327548268724,0.3289573576915976,0.9534883720930233,0.3517722473604826,0.3627375892081774
SIM-Semi,no_ltm,71,56,26.574219411239028,0.8687546234072037,0.6097753476098533,0.7456623089554444,0.5737439222042139,0.46448334903337646,0.5980392156862746,0.46448334903337646,0.7007756463186081,0.3775190236522417,0.32563125659634684,0.6690884171425314,0.19470352886532533,0.3207126948775056,0.3506410256410257,0.3791190508837568,0.3418945529170854,0.9767441860465116,0.3598386715168723,0.3798053253935607
SIM-Semi,no_overload,101,15,15.315799035131931,0.8291001156502985,0.5114699817233783,0.6849701168748137,0.45746691871455575,0.3771972896376581,0.5245098039215687,0.3771972896376581,0.623743818153406,0.28446496886899364,0.2657860875849347,0.5645772407725707,0.10679037027448007,0.18435754189944134,0.3687405731523379,0.39445518533753826,0.35861239118718374,0.9302325581395349,0.3687405731523379,0.39514145984734217
SIM-Semi,no_overload,17,8,11.765328578650951,0.8305410558559685,0.5038076385146972,0.6834115805946792,0.4612676056338028,0.3892636546451995,0.534313725490196,0.3892636546451995,0.6089817702729652,0.28928129899148264,0.2729506775588553,0.5450404858299596,0.09775032797771122,0.16317016317016317,0.36220462543991955,0.3899033646092469,0.35325372598197124,0.9302325581395349,0.36220462543991955,0.39058963911905087
SIM-Semi,no_overload,29,9,13.676398426294327,0.8278623448879443,0.5027649618719557,0.6853585374128408,0.45681381957773515,0.3870012112062855,0.5294117647058824,0.3870012112062855,0.6116058570252192,0.2862087522012619,0.27019785229081705,0.5324105564561458,0.08670384591911448,0.1661721068249258,0.3438411261940675,0.35808877397112693,0.3304858259671929,0.9069767441860465,0.3476414396829623,0.35877504848093084
SIM-Semi,no_overload,43,6,11.434785172343254,0.8256764500567833,0.4940253622088848,0.6855466344606755,0.4601113172541744,0.3877431953448541,0.5196078431372548,0.3877431953448541,0.6100042621099447,0.2899169969794106,0.26795577788182684,0.5337347974486595,0.08625624096524037,0.15315315315315314,0.34607843137254907,0.3699312887548181,0.33590885087542627,0.9534883720930233,0.3483408748114631,0.3706175632646221
SIM-Semi,no_overload,71,8,12.534378036856651,0.8281103157982476,0.49700148429997903,0.6835827543966352,0.45607476635514016,0.38330808796857024,0.5147058823529411,0.38330808796857024,0.5977444386305825,0.28876368326000645,0.26468379546457155,0.5357646893506789,0.08521130607723826,0.15730337078651685,0.35620915032679745,0.38171155641743876,0.34563784713758894,0.9534883720930233,0.35847159376571147,0.38239783092724267
SIM-Semi,no_path,101,36,27.495623223483562,0.8773408766501005,0.6092562274261046,0.7296311509077467,0.5328185328185329,0.43947513666438526,0.5882352941176472,0.43947513666438526,0.6804900221615496,0.3390371691463487,0.3156508549274792,0.8141539011396313,0.19978213448958082,0.31346578366445915,0.35693815987933636,0.3736339151045034,0.3420226254031939,0.9534883720930233,0.35693815987933636,0.37441822882999354
SIM-Semi,no_path,17,45,29.59460186958313,0.8815668010710677,0.61353945397861,0.7437871765865052,0.5597014925373134,0.4438384204394338,0.5931372549019608,0.4438384204394338,0.692175363860748,0.36377638821173996,0.32010457465634123,0.7987232606163297,0.1904704487418989,0.3034188034188034,0.3584464555052791,0.37888709329885795,0.34635462134949296,0.9767441860465116,0.360554266450278,0.3844753285929756
SIM-Semi,no_path,29,42,31.383235428482294,0.877815980579085,0.6047361872047704,0.7196189011522554,0.5112474437627812,0.4184558462885577,0.5588235294117646,0.4184558462885577,0.6624916431891276,0.31641614349258207,0.2973975916021845,0.8100075656367353,0.19721883735348367,0.314410480349345,0.34395424836601307,0.3668910827734357,0.3332194939606965,0.9767441860465116,0.3533496732026144,0.37212917801153095
SIM-Semi,no_path,43,37,26.215513540431857,0.8777743047958408,0.6074042418498105,0.7254328649143221,0.5206611570247934,0.4365511780667538,0.5784313725490197,0.4365511780667538,0.687190970740486,0.3302425873161017,0.31258176751741,0.8220853460846048,0.203142668185869,0.3210412147505423,0.3618275515334339,0.3705537599655247,0.3441952121312602,0.9534883720930233,0.3618275515334339,0.3712400344753286
SIM-Semi,no_path,71,36,25.799355775117874,0.8791225163837922,0.6046503009332991,0.7299383694057304,0.530938123752495,0.41993413581408656,0.5686274509803922,0.41993413581408656,0.6797914369949117,0.33403199393349015,0.30226877646276545,0.8202140474425499,0.2052225251118934,0.3244444444444444,0.36089743589743595,0.3762260288730877,0.3462159004344819,0.9767441860465116,0.36089743589743595,0.3769123033828916
SIM-Semi,no_resgate,101,49,33.48611213080585,0.873395221871451,0.6069275939164862,0.7400656522570123,0.5553539019963702,0.451131482591831,0.5882352941176472,0.451131482591831,0.6951628025324083,0.35882351964746917,0.3221480353735261,0.7503075130947628,0.19498912619851855,0.31827956989247314,0.35065359477124186,0.37219133807369104,0.33934551591703854,0.9767441860465116,0.3521914648212226,0.37287761258349494
SIM-Semi,no_resgate,17,37,27.103581808507442,0.8763041915418998,0.609577773498253,0.7264687548698769,0.5241935483870968,0.43931353356160574,0.5882352941176471,0.43931353356160574,0.6968067403910577,0.3385692363559308,0.315804609056066,0.7782891682076264,0.20162505807507186,0.3208791208791209,0.37751382604323785,0.3970663650075415,0.36451292649524836,0.9767441860465116,0.37751382604323785,0.39785067873303165
SIM-Semi,no_resgate,29,49,30.41407659649849,0.8755269381843944,0.608018978299668,0.731542071279311,0.5338645418326693,0.4378947983399664,0.5686274509803922,0.4378947983399664,0.6850717189889094,0.3420888819458497,0.3086617276159107,0.7655029366482293,0.1968388891953262,0.32142857142857145,0.3591000502765209,0.37951734539969834,0.3470074042017643,0.9767441860465116,0.36236802413273006,0.38020361990950224
SIM-Semi,no_resgate,43,40,29.586360266432166,0.8760291313724877,0.6004634572365382,0.7305841924398626,0.5333333333333333,0.42477442198429605,0.5637254901960784,0.42477442198429605,0.6818029719230869,0.3413669966358107,0.30095534966731824,0.7711766550721331,0.19378114572111055,0.3037974683544304,0.3697209653092006,0.3916742081447963,0.35814674365847715,0.9767441860465116,0.3712588353591814,0.3924585218702865
SIM-Semi,no_resgate,71,36,24.88504770770669,0.8757519874139135,0.6046448293834177,0.7352941013561979,0.5477477477477477,0.4468847711406809,0.5833333333333334,0.4468847711406809,0.6798911909928474,0.35181097359984775,0.31482069360574105,0.756995922905856,0.19357229075104732,0.3355119825708061,0.36362493715434896,0.3824585218702866,0.35057246659035607,0.9767441860465116,0.36516280720432975,0.3831447963800905
SIM-Semi,no_stm,101,7,9.148903165012598,0.740124402212984,0.34854311275776756,0.6363673743877571,0.38178633975481613,0.31064331479981033,0.4509803921568627,0.31064331479981033,0.48873393929447545,0.22541636584838254,0.2120125428308411,0.6056709691346459,0.046397579019238654,0.08888888888888889,0.37135495223730514,0.37737963561492976,0.35217159725718383,0.9767441860465116,0.37135495223730514,0.3782619885561062
SIM-Semi,no_stm,17,8,9.49862976372242,0.7397701580554079,0.34348057969174506,0.6299319727891156,0.3741496598639456,0.31064331479981033,0.4509803921568627,0.31064331479981033,0.47824144646908273,0.21916759700193406,0.2120125428308411,0.596409937356935,0.0455209159376581,0.06605922551252848,0.36187782805429863,0.37462421021244546,0.3467213365279064,0.9534883720930233,0.36187782805429863,0.3754085239379356
SIM-Semi,no_stm,29,9,10.030833655968308,0.7376446931099512,0.3371799490662908,0.6299319727891156,0.3741496598639456,0.31064331479981033,0.4509803921568627,0.31064331479981033,0.47217546872641813,0.21916759700193406,0.2120125428308411,0.6268588250148664,0.048681949601516616,0.08195429472025216,0.3645424836601307,0.3743337163925399,0.3475039661815427,0.9302325581395349,0.3645424836601307,0.3752160693337163
SIM-Semi,no_stm,43,6,8.008738067001104,0.7356255014117672,0.3325809283229555,0.6299319727891156,0.3741496598639456,0.30139104482647777,0.4362745098039216,0.30139104482647777,0.45780696503753177,0.21916759700193406,0.20535976474644138,0.6061210379687029,0.047243645096027284,0.08602150537634409,0.3586098541980895,0.36457695898872367,0.3399337083694471,0.9534883720930233,0.3586098541980895,0.3653612727142138
SIM-Semi,no_stm,71,7,8.568069398403168,0.7379635128517696,0.33953639903565347,0.6345602967966113,0.37545126353790614,0.31125982673345787,0.4509803921568627,0.31125982673345787,0.47600299137929625,0.2201262402572746,0.21278511403151096,0.602884004431447,0.044350790398133326,0.08277541083384053,0.38360985419808946,0.39893796834973305,0.3693279661759288,0.9534883720930233,0.38360985419808946,0.3997222820752232
SIM-Semi,no_time,101,36,28.00193607620895,0.8779087091968034,0.613652374848108,0.730646689055369,0.5306122448979592,0.44598594611637116,0.5931372549019608,0.44598594611637116,0.6988922897274668,0.34364081624143544,0.32168760452186845,0.8273726366294935,0.23927354524993022,0.3270440251572327,0.3419431875314228,0.35369616222557404,0.32613612821779947,0.9302325581395349,0.3419431875314228,0.35438243673537795
SIM-Semi,no_time,17,27,22.75587386265397,0.879226705841903,0.6145833856784859,0.7402564694524314,0.5517241379310345,0.4380444568655841,0.5784313725490197,0.4380444568655841,0.6727001423174449,0.3562785390412416,0.3126199031817316,0.8279431141504899,0.2132914766822904,0.3282937365010799,0.3698340874811463,0.38737137590078763,0.35613366935504004,0.9534883720930233,0.3698340874811463,0.3881556896262778
SIM-Semi,no_time,29,30,24.529552860185504,0.8792652559414038,0.6093062836029193,0.729687425435457,0.531496062992126,0.42540287849510544,0.5637254901960784,0.42540287849510544,0.6639390809179536,0.33954605957548456,0.30131793141263186,0.8258946390895983,0.2224358772219445,0.3277310924369748,0.35627199597787834,0.373121453709689,0.3425480007653787,0.9767441860465116,0.35627199597787834,0.37380772821949293
SIM-Semi,no_time,43,34,26.54056214541197,0.8759218162306338,0.5996248003013591,0.7197949843476618,0.5130260521042084,0.4387647075652094,0.5833333333333334,0.4387647075652094,0.6722764726882402,0.3255847090527351,0.3143021484757515,0.8257347730105328,0.2277105351764605,0.3298538622129436,0.36836349924585216,0.37535768153415217,0.3497323106916146,0.9534883720930233,0.36836349924585216,0.3761419952596423
SIM-Semi,no_time,71,41,29.109524739906192,0.8802540138988737,0.6150740057721922,0.7382258138433571,0.5508317929759704,0.43605621977128406,0.5784313725490196,0.43605621977128406,0.6810289442841102,0.3563930130936532,0.31269498879679175,0.8228335091520784,0.23618210633563141,0.3311546840958606,0.3579562594268477,0.37404737963561496,0.343712771523343,0.9534883720930233,0.3579562594268477,0.37473365414541887
SIM-Semi,scalar_gate,101,36,27.91435271129012,0.8764521405724169,0.6052841123458369,0.7366644661602402,0.5458015267175572,0.44175616055666245,0.5882352941176471,0.44175616055666245,0.6969708174060635,0.3588424846368766,0.3172042944893526,0.8316556729038197,0.23336742832894317,0.3224400871459695,0.35214932126696835,0.3585711891594245,0.3321408630916005,0.9069767441860465,0.35214932126696835,0.3592574636692284
SIM-Semi,scalar_gate,17,31,25.885290767997503,0.8818991654424406,0.6216407370127648,0.7344202492095346,0.5401174168297456,0.44593926077556817,0.5980392156862745,0.44593926077556817,0.6956270131934378,0.3497036729547637,0.3224764911648801,0.8295142820485667,0.21485533731693962,0.33986928104575165,0.36236802413273006,0.3828273360626302,0.35047070830078086,0.9767441860465116,0.36236802413273006,0.38361164978812035
SIM-Semi,scalar_gate,29,35,26.49361154809594,0.8779201700371956,0.6059109569507243,0.7370183464604065,0.5494505494505495,0.43231905043309166,0.5833333333333333,0.43231905043309166,0.6744937301088192,0.35724900050304403,0.31432874256209,0.8277226618822245,0.2327725997535561,0.32916666666666666,0.35191050779286076,0.3727795733678087,0.34017460019345525,0.9767441860465116,0.35191050779286076,0.3733678086619263
SIM-Semi,scalar_gate,43,34,25.491271601989865,0.8779389241396555,0.6020446753742116,0.7156033971953387,0.5040983606557377,0.4333860717724164,0.5735294117647058,0.4333860717724164,0.6698872821417106,0.3212559552388363,0.3079189905586179,0.822788705919729,0.22380292332557183,0.32916666666666666,0.35340623428858725,0.3589213292154469,0.332799950255878,0.9069767441860465,0.35340623428858725,0.3596076037252508
SIM-Semi,scalar_gate,71,30,25.131444692611694,0.8790079079798706,0.6077408408948064,0.7322367662618519,0.5349301397205589,0.4539846397457398,0.6029411764705882,0.4539846397457398,0.6998331745125201,0.3434889144052728,0.3303155064543708,0.8239607177477822,0.23408983657824523,0.33191489361702126,0.36248114630467576,0.3692232277526395,0.3435645725236385,0.9534883720930233,0.36248114630467576,0.36990950226244346
SIM-Semi,text_mlp,101,6,3.1766770891845226,0.6576730326425573,0.36221531664897766,0.632156862745098,0.3431372549019608,0.3454052076217302,0.45098039215686275,0.3454052076217302,0.5713788523464833,0.2027786341322127,0.2244375701544964,0.6656861716859863,0.12063783172350262,0.1643835616438356,0.3798014077425842,0.39428547487371013,0.3639933428789651,1.0,0.38244092508798394,0.39497174938351404
SIM-Semi,text_mlp,17,5,4.18743222206831,0.6596661769762135,0.3602030904405915,0.6299658784562292,0.3427230046948357,0.34134717415193205,0.446078431372549,0.34134717415193205,0.5735489463147205,0.20072522735835427,0.22122331036584214,0.6708433801187693,0.11656703176882369,0.16666666666666666,0.3837229763700353,0.4026888362182479,0.36934093646185273,1.0,0.3863624937154349,0.4033751107280518
SIM-Semi,text_mlp,29,4,4.044578175991774,0.6602454703633087,0.36197783792434157,0.6388222700974215,0.3607305936073059,0.3449670836541945,0.446078431372549,0.3449670836541945,0.5740029828168187,0.22980276029133404,0.22372777514985823,0.6661395498497055,0.11149123124673935,0.15,0.3798014077425842,0.39428547487371013,0.3639933428789651,1.0,0.38244092508798394,0.39497174938351404
SIM-Semi,text_mlp,43,6,3.3766073510050774,0.656670730055533,0.35150130242452615,0.632156862745098,0.3431372549019608,0.345110106303611,0.4509803921568627,0.345110106303611,0.5634551439572142,0.2027786341322127,0.2246404099110887,0.6648802226313346,0.12464162558167705,0.1787941787941788,0.3856837606837607,0.4026888362182479,0.3709137581038786,1.0,0.38832327802916045,0.4033751107280518
SIM-Semi,text_mlp,71,4,3.1065682247281075,0.6592598380895821,0.35960281989305926,0.6320421254745662,0.34660421545667447,0.33636558285320517,0.43137254901960786,0.33636558285320517,0.5630013951451851,0.20317620775051115,0.21524427021576037,0.6618814608297559,0.11103455880163962,0.17972350230414746,0.3837229763700353,0.39963306845659785,0.36851822975679316,1.0,0.3863624937154349,0.4003193429664018
