dataset,snapshot_index,edge_index,source_node,target_node,simulator_successful_transmission,model_intensity,in_top_k_predicted_path
SIM-Semi,67,90,15,23,0,0.17788274586200714,True
SIM-Semi,67,91,15,26,0,0.20672936737537384,True
SIM-Semi,67,92,15,35,1,0.04312034323811531,False
SIM-Semi,67,93,15,83,1,0.2633550763130188,True
SIM-Semi,67,94,15,102,0,0.3011828064918518,True
SIM-Semi,67,95,15,107,1,0.21718795597553253,True
SIM-Semi,67,138,23,46,0,0.010986252687871456,False
SIM-Semi,67,139,23,52,0,0.004022306762635708,False
SIM-Semi,67,140,23,59,0,0.022958772256970406,False
SIM-Semi,67,141,23,91,0,0.0015439654234796762,False
SIM-Semi,67,142,23,105,0,0.0028675938956439495,False
SIM-Semi,67,143,23,110,0,0.0016832301625981927,False
SIM-Semi,67,156,26,45,0,0.08689230680465698,False
SIM-Semi,67,157,26,52,0,0.05553915724158287,False
SIM-Semi,67,158,26,55,0,0.12199972569942474,False
SIM-Semi,67,159,26,82,0,0.006997936870902777,False
SIM-Semi,67,160,26,103,0,0.035425905138254166,False
SIM-Semi,67,161,26,108,0,0.026292797178030014,False
SIM-Semi,67,210,35,40,1,0.01531824842095375,False
SIM-Semi,67,211,35,52,1,0.012325180694460869,False
SIM-Semi,67,212,35,53,0,0.029988661408424377,False
SIM-Semi,67,213,35,91,1,0.005017564166337252,False
SIM-Semi,67,214,35,102,1,0.007477975450456142,False
SIM-Semi,67,215,35,107,0,0.004956846125423908,False
SIM-Semi,67,244,40,102,0,0.030927924439311028,False
SIM-Semi,67,245,40,107,0,0.020229807123541832,False
SIM-Semi,67,274,45,102,0,0.03542809933423996,False
SIM-Semi,67,275,45,107,0,0.024916410446166992,False
SIM-Semi,67,280,46,103,0,0.040568191558122635,False
SIM-Semi,67,281,46,108,0,0.03063885308802128,False
SIM-Semi,67,322,53,105,0,0.052931275218725204,False
SIM-Semi,67,323,53,110,0,0.030269525945186615,False
SIM-Semi,67,334,55,102,0,0.042603351175785065,False
SIM-Semi,67,335,55,107,0,0.02876608818769455,False
SIM-Semi,67,357,59,91,0,0.028735971078276634,False
