dataset,seed,snapshot_index,prediction_day,target_day,node_index,source,selected_source,hop_distance,label,probability,validation_selected_threshold,predicted_positive,layout_x,layout_y
SIM-Semi,17,67,770,800,15,True,True,0,1,0.42730554938316345,0.7599999999999999,False,0,0.0
SIM-Semi,17,67,770,800,23,False,False,1,0,0.1284770965576172,0.7599999999999999,False,1,2.5
SIM-Semi,17,67,770,800,26,False,False,1,0,0.2955152094364166,0.7599999999999999,False,1,1.5
SIM-Semi,17,67,770,800,35,False,False,1,1,0.06732376664876938,0.7599999999999999,False,1,0.5
SIM-Semi,17,67,770,800,40,False,False,2,1,0.2013315111398697,0.7599999999999999,False,2,6.0
SIM-Semi,17,67,770,800,45,False,False,2,0,0.2509484887123108,0.7599999999999999,False,2,5.0
SIM-Semi,17,67,770,800,46,False,False,2,0,0.3459252417087555,0.7599999999999999,False,2,4.0
SIM-Semi,17,67,770,800,52,False,False,2,1,0.338558554649353,0.7599999999999999,False,2,3.0
SIM-Semi,17,67,770,800,53,False,False,2,0,0.5216073989868164,0.7599999999999999,False,2,2.0
SIM-Semi,17,67,770,800,55,False,False,2,0,0.40802454948425293,0.7599999999999999,False,2,1.0
SIM-Semi,17,67,770,800,59,False,False,2,0,0.9384851455688477,0.7599999999999999,True,2,0.0
SIM-Semi,17,67,770,800,82,False,False,2,0,0.0892658606171608,0.7599999999999999,False,2,-1.0
SIM-Semi,17,67,770,800,83,False,False,1,1,0.8249164819717407,0.7599999999999999,True,1,-0.5
SIM-Semi,17,67,770,800,91,False,False,2,1,0.7037720680236816,0.7599999999999999,False,2,-2.0
SIM-Semi,17,67,770,800,102,False,False,1,1,0.747046947479248,0.7599999999999999,False,1,-1.5
SIM-Semi,17,67,770,800,103,False,False,2,0,0.7325710654258728,0.7599999999999999,False,2,-3.0
SIM-Semi,17,67,770,800,105,False,False,2,1,0.9331448078155518,0.7599999999999999,True,2,-4.0
SIM-Semi,17,67,770,800,107,False,False,1,1,0.8055722713470459,0.7599999999999999,True,1,-2.5
SIM-Semi,17,67,770,800,108,False,False,2,0,0.7853662371635437,0.7599999999999999,True,2,-5.0
SIM-Semi,17,67,770,800,110,False,False,2,1,0.9153519868850708,0.7599999999999999,True,2,-6.0
