dataset,kind,stratum,n,n_positive,n_negative,available_pair_seeds,valid_pair_seeds,n_valid_pairs,all_five_pairs_valid,mean_difference,sample_sd_difference,status
ICKG-Weak,age,"(0, 7] d",668,99,569,17;29;43;71;101,17;29;43;71;101,5,True,-0.015193475844893379,0.03018088202684867,five_seed_summary
ICKG-Weak,age,"(7, 14] d",469,28,441,17;29;43;71;101,17;29;43;71;101,5,True,-0.010275477512835692,0.01633452520475063,five_seed_summary
ICKG-Weak,age,"(14, 30] d",709,30,679,17;29;43;71;101,17;29;43;71;101,5,True,-0.028776048886028242,0.011907107451188224,five_seed_summary
ICKG-Weak,age,>30 d,0,0,0,17;29;43;71;101,,0,False,,,NA
ICKG-Weak,age,No context,9232,71,9161,17;29;43;71;101,17;29;43;71;101,5,True,-0.0026137991092506406,0.005925648503789318,five_seed_summary
ICKG-Weak,confidence,0.55,0,0,0,17;29;43;71;101,,0,False,,,NA
ICKG-Weak,confidence,0.80,1846,157,1689,17;29;43;71;101,17;29;43;71;101,5,True,-0.020761431757545253,0.018737735252587297,five_seed_summary
ICKG-Weak,confidence,0.90,0,0,0,17;29;43;71;101,,0,False,,,NA
ICKG-Weak,confidence,Other,0,0,0,17;29;43;71;101,,0,False,,,NA
ICKG-Weak,confidence,No context,9232,71,9161,17;29;43;71;101,17;29;43;71;101,5,True,-0.0026137991092506406,0.005925648503789318,five_seed_summary
ICKG-Weak,indegree,0,3770,18,3752,17;29;43;71;101,17;29;43;71;101,5,True,0.0014869484783257242,0.0020801845696477423,five_seed_summary
ICKG-Weak,indegree,1-2,6322,79,6243,17;29;43;71;101,17;29;43;71;101,5,True,0.002467978552670122,0.005557649286306954,five_seed_summary
ICKG-Weak,indegree,3-5,696,66,630,17;29;43;71;101,17;29;43;71;101,5,True,-0.03301991295740601,0.02885440952932018,five_seed_summary
ICKG-Weak,indegree,6+,290,65,225,17;29;43;71;101,17;29;43;71;101,5,True,0.004812229834339143,0.08903502571048268,five_seed_summary
SIM-Auto,age,"(0, 7] d",721,72,649,17;29;43;71;101,17;29;43;71;101,5,True,0.2861675658616494,0.010935039989201147,five_seed_summary
SIM-Auto,age,"(7, 14] d",0,0,0,17;29;43;71;101,,0,False,,,NA
SIM-Auto,age,"(14, 30] d",0,0,0,17;29;43;71;101,,0,False,,,NA
SIM-Auto,age,>30 d,0,0,0,17;29;43;71;101,,0,False,,,NA
SIM-Auto,age,No context,1183,73,1110,17;29;43;71;101,17;29;43;71;101,5,True,0.0596086392455741,0.006616625300716026,five_seed_summary
SIM-Auto,confidence,0.55,676,46,630,17;29;43;71;101,17;29;43;71;101,5,True,-0.014080200915949059,0.009870673383794819,five_seed_summary
SIM-Auto,confidence,0.80,0,0,0,17;29;43;71;101,,0,False,,,NA
SIM-Auto,confidence,0.90,45,26,19,17;29;43;71;101,17;29;43;71;101,5,True,0.18203263072760115,0.02448706084224123,five_seed_summary
SIM-Auto,confidence,Other,0,0,0,17;29;43;71;101,,0,False,,,NA
SIM-Auto,confidence,No context,1183,73,1110,17;29;43;71;101,17;29;43;71;101,5,True,0.0596086392455741,0.006616625300716026,five_seed_summary
SIM-Auto,indegree,0,595,16,579,17;29;43;71;101,17;29;43;71;101,5,True,0.7071961490119424,0.028440177396130265,five_seed_summary
SIM-Auto,indegree,1-2,272,12,260,17;29;43;71;101,17;29;43;71;101,5,True,0.29369874589322126,0.04558259312782893,five_seed_summary
SIM-Auto,indegree,3-5,612,51,561,17;29;43;71;101,17;29;43;71;101,5,True,0.21000219816849217,0.004984945102166106,five_seed_summary
SIM-Auto,indegree,6+,425,66,359,17;29;43;71;101,17;29;43;71;101,5,True,0.027317674327282094,0.010650126555195488,five_seed_summary
SIM-Energy,age,"(0, 7] d",713,50,663,17;29;43;71;101,17;29;43;71;101,5,True,0.326364892143949,0.02472725350546624,five_seed_summary
SIM-Energy,age,"(7, 14] d",0,0,0,17;29;43;71;101,,0,False,,,NA
SIM-Energy,age,"(14, 30] d",0,0,0,17;29;43;71;101,,0,False,,,NA
SIM-Energy,age,>30 d,0,0,0,17;29;43;71;101,,0,False,,,NA
SIM-Energy,age,No context,1191,70,1121,17;29;43;71;101,17;29;43;71;101,5,True,0.009923123655243445,0.007906018214976976,five_seed_summary
SIM-Energy,confidence,0.55,671,29,642,17;29;43;71;101,17;29;43;71;101,5,True,-0.012215582102109865,0.029212792602213825,five_seed_summary
SIM-Energy,confidence,0.80,0,0,0,17;29;43;71;101,,0,False,,,NA
SIM-Energy,confidence,0.90,42,21,21,17;29;43;71;101,17;29;43;71;101,5,True,0.29506828546769925,0.03306325404136161,five_seed_summary
SIM-Energy,confidence,Other,0,0,0,17;29;43;71;101,,0,False,,,NA
SIM-Energy,confidence,No context,1191,70,1121,17;29;43;71;101,17;29;43;71;101,5,True,0.009923123655243445,0.007906018214976976,five_seed_summary
SIM-Energy,indegree,0,544,11,533,17;29;43;71;101,17;29;43;71;101,5,True,0.6400977907736657,0.03641569486757696,five_seed_summary
SIM-Energy,indegree,1-2,374,14,360,17;29;43;71;101,17;29;43;71;101,5,True,0.30381727277528586,0.005773647556055932,five_seed_summary
SIM-Energy,indegree,3-5,527,39,488,17;29;43;71;101,17;29;43;71;101,5,True,0.1890441159395401,0.012037222222000814,five_seed_summary
SIM-Energy,indegree,6+,459,56,403,17;29;43;71;101,17;29;43;71;101,5,True,-0.0006071305689138162,0.016707741102707445,five_seed_summary
SIM-Semi,age,"(0, 7] d",701,144,557,17;29;43;71;101,17;29;43;71;101,5,True,0.3469817037754024,0.016131001717389244,five_seed_summary
SIM-Semi,age,"(7, 14] d",0,0,0,17;29;43;71;101,,0,False,,,NA
SIM-Semi,age,"(14, 30] d",0,0,0,17;29;43;71;101,,0,False,,,NA
SIM-Semi,age,>30 d,0,0,0,17;29;43;71;101,,0,False,,,NA
SIM-Semi,age,No context,1203,155,1048,17;29;43;71;101,17;29;43;71;101,5,True,0.1649574764285499,0.00735309705226702,five_seed_summary
SIM-Semi,confidence,0.55,662,108,554,17;29;43;71;101,17;29;43;71;101,5,True,0.12652933801300914,0.01821739123477477,five_seed_summary
SIM-Semi,confidence,0.80,0,0,0,17;29;43;71;101,,0,False,,,NA
SIM-Semi,confidence,0.90,39,36,3,17;29;43;71;101,17;29;43;71;101,5,True,0.012108967766439372,0.019950058415871073,five_seed_summary
SIM-Semi,confidence,Other,0,0,0,17;29;43;71;101,,0,False,,,NA
SIM-Semi,confidence,No context,1203,155,1048,17;29;43;71;101,17;29;43;71;101,5,True,0.1649574764285499,0.00735309705226702,five_seed_summary
SIM-Semi,indegree,0,629,26,603,17;29;43;71;101,17;29;43;71;101,5,True,0.8173191575592187,0.014783861627357193,five_seed_summary
SIM-Semi,indegree,1-2,272,29,243,17;29;43;71;101,17;29;43;71;101,5,True,0.4518925996294638,0.01755201306697639,five_seed_summary
SIM-Semi,indegree,3-5,544,89,455,17;29;43;71;101,17;29;43;71;101,5,True,0.3643418252021823,0.012376295370764272,five_seed_summary
SIM-Semi,indegree,6+,459,155,304,17;29;43;71;101,17;29;43;71;101,5,True,0.14600099863867794,0.009273035825354973,five_seed_summary
