dataset,seed,kind,stratum,dataset_sha256,n,n_positive,n_negative,full_auprc,no_stm_auprc,difference,na_reason
ICKG-Weak,17,age,"(0, 7] d",b6b22b31f55ed301f8fda3dfc3f26a6d69a1588d22a2781a6f8f3c2c5a631735,668,99,569,0.1687681522445324,0.1482695602978087,0.02049859194672371,
ICKG-Weak,17,age,"(7, 14] d",b6b22b31f55ed301f8fda3dfc3f26a6d69a1588d22a2781a6f8f3c2c5a631735,469,28,441,0.07386607202736546,0.06442018603748914,0.009445885989876321,
ICKG-Weak,17,age,"(14, 30] d",b6b22b31f55ed301f8fda3dfc3f26a6d69a1588d22a2781a6f8f3c2c5a631735,709,30,679,0.05881354052520538,0.07682627762214847,-0.018012737096943093,
ICKG-Weak,17,age,>30 d,b6b22b31f55ed301f8fda3dfc3f26a6d69a1588d22a2781a6f8f3c2c5a631735,0,0,0,,,,support_below_20
ICKG-Weak,17,age,No context,b6b22b31f55ed301f8fda3dfc3f26a6d69a1588d22a2781a6f8f3c2c5a631735,9232,71,9161,0.011848226479230627,0.018221849564360394,-0.006373623085129766,
ICKG-Weak,17,confidence,0.55,b6b22b31f55ed301f8fda3dfc3f26a6d69a1588d22a2781a6f8f3c2c5a631735,0,0,0,,,,support_below_20
ICKG-Weak,17,confidence,0.80,b6b22b31f55ed301f8fda3dfc3f26a6d69a1588d22a2781a6f8f3c2c5a631735,1846,157,1689,0.09691452743482717,0.09586331621058167,0.0010512112242455074,
ICKG-Weak,17,confidence,0.90,b6b22b31f55ed301f8fda3dfc3f26a6d69a1588d22a2781a6f8f3c2c5a631735,0,0,0,,,,support_below_20
ICKG-Weak,17,confidence,Other,b6b22b31f55ed301f8fda3dfc3f26a6d69a1588d22a2781a6f8f3c2c5a631735,0,0,0,,,,support_below_20
ICKG-Weak,17,confidence,No context,b6b22b31f55ed301f8fda3dfc3f26a6d69a1588d22a2781a6f8f3c2c5a631735,9232,71,9161,0.011848226479230627,0.018221849564360394,-0.006373623085129766,
ICKG-Weak,17,indegree,0,b6b22b31f55ed301f8fda3dfc3f26a6d69a1588d22a2781a6f8f3c2c5a631735,3770,18,3752,0.00784792144890132,0.004774535809018567,0.0030733856398827523,
ICKG-Weak,17,indegree,1-2,b6b22b31f55ed301f8fda3dfc3f26a6d69a1588d22a2781a6f8f3c2c5a631735,6322,79,6243,0.019699883720549122,0.016759289034605836,0.002940594685943286,
ICKG-Weak,17,indegree,3-5,b6b22b31f55ed301f8fda3dfc3f26a6d69a1588d22a2781a6f8f3c2c5a631735,696,66,630,0.14149699324660525,0.1461629279811098,-0.004665934734504551,
ICKG-Weak,17,indegree,6+,b6b22b31f55ed301f8fda3dfc3f26a6d69a1588d22a2781a6f8f3c2c5a631735,290,65,225,0.3086452611054205,0.21905393457117595,0.08959132653424456,
ICKG-Weak,29,age,"(0, 7] d",b6b22b31f55ed301f8fda3dfc3f26a6d69a1588d22a2781a6f8f3c2c5a631735,668,99,569,0.1088782351276037,0.16301025486747106,-0.054132019739867365,
ICKG-Weak,29,age,"(7, 14] d",b6b22b31f55ed301f8fda3dfc3f26a6d69a1588d22a2781a6f8f3c2c5a631735,469,28,441,0.036878419725556395,0.06783597080135842,-0.030957551075802024,
ICKG-Weak,29,age,"(14, 30] d",b6b22b31f55ed301f8fda3dfc3f26a6d69a1588d22a2781a6f8f3c2c5a631735,709,30,679,0.03503627386612239,0.08006616545817336,-0.045029891592050966,
ICKG-Weak,29,age,>30 d,b6b22b31f55ed301f8fda3dfc3f26a6d69a1588d22a2781a6f8f3c2c5a631735,0,0,0,,,,support_below_20
ICKG-Weak,29,age,No context,b6b22b31f55ed301f8fda3dfc3f26a6d69a1588d22a2781a6f8f3c2c5a631735,9232,71,9161,0.02303878563107801,0.0175179871641529,0.00552079846692511,
ICKG-Weak,29,confidence,0.55,b6b22b31f55ed301f8fda3dfc3f26a6d69a1588d22a2781a6f8f3c2c5a631735,0,0,0,,,,support_below_20
ICKG-Weak,29,confidence,0.80,b6b22b31f55ed301f8fda3dfc3f26a6d69a1588d22a2781a6f8f3c2c5a631735,1846,157,1689,0.05722608530951085,0.10291217608131092,-0.045686090771800074,
ICKG-Weak,29,confidence,0.90,b6b22b31f55ed301f8fda3dfc3f26a6d69a1588d22a2781a6f8f3c2c5a631735,0,0,0,,,,support_below_20
ICKG-Weak,29,confidence,Other,b6b22b31f55ed301f8fda3dfc3f26a6d69a1588d22a2781a6f8f3c2c5a631735,0,0,0,,,,support_below_20
ICKG-Weak,29,confidence,No context,b6b22b31f55ed301f8fda3dfc3f26a6d69a1588d22a2781a6f8f3c2c5a631735,9232,71,9161,0.02303878563107801,0.0175179871641529,0.00552079846692511,
ICKG-Weak,29,indegree,0,b6b22b31f55ed301f8fda3dfc3f26a6d69a1588d22a2781a6f8f3c2c5a631735,3770,18,3752,0.0037932774129124883,0.004774535809018567,-0.000981258396106079,
ICKG-Weak,29,indegree,1-2,b6b22b31f55ed301f8fda3dfc3f26a6d69a1588d22a2781a6f8f3c2c5a631735,6322,79,6243,0.01749921808126359,0.015144025609379753,0.0023551924718838366,
ICKG-Weak,29,indegree,3-5,b6b22b31f55ed301f8fda3dfc3f26a6d69a1588d22a2781a6f8f3c2c5a631735,696,66,630,0.10226823141093686,0.15822884012539187,-0.05596060871445502,
ICKG-Weak,29,indegree,6+,b6b22b31f55ed301f8fda3dfc3f26a6d69a1588d22a2781a6f8f3c2c5a631735,290,65,225,0.1961835602342486,0.30324933687002653,-0.10706577663577793,
ICKG-Weak,43,age,"(0, 7] d",b6b22b31f55ed301f8fda3dfc3f26a6d69a1588d22a2781a6f8f3c2c5a631735,668,99,569,0.15172138170116375,0.15674055754052768,-0.005019175839363926,
ICKG-Weak,43,age,"(7, 14] d",b6b22b31f55ed301f8fda3dfc3f26a6d69a1588d22a2781a6f8f3c2c5a631735,469,28,441,0.05867147677588804,0.05781877935091863,0.0008526974249694133,
ICKG-Weak,43,age,"(14, 30] d",b6b22b31f55ed301f8fda3dfc3f26a6d69a1588d22a2781a6f8f3c2c5a631735,709,30,679,0.0521062211931421,0.07430506569524638,-0.022198844502104277,
ICKG-Weak,43,age,>30 d,b6b22b31f55ed301f8fda3dfc3f26a6d69a1588d22a2781a6f8f3c2c5a631735,0,0,0,,,,support_below_20
ICKG-Weak,43,age,No context,b6b22b31f55ed301f8fda3dfc3f26a6d69a1588d22a2781a6f8f3c2c5a631735,9232,71,9161,0.011608710011355506,0.01968693801604176,-0.008078228004686253,
ICKG-Weak,43,confidence,0.55,b6b22b31f55ed301f8fda3dfc3f26a6d69a1588d22a2781a6f8f3c2c5a631735,0,0,0,,,,support_below_20
ICKG-Weak,43,confidence,0.80,b6b22b31f55ed301f8fda3dfc3f26a6d69a1588d22a2781a6f8f3c2c5a631735,1846,157,1689,0.08409868301572834,0.09629794512977308,-0.012199262114044734,
ICKG-Weak,43,confidence,0.90,b6b22b31f55ed301f8fda3dfc3f26a6d69a1588d22a2781a6f8f3c2c5a631735,0,0,0,,,,support_below_20
ICKG-Weak,43,confidence,Other,b6b22b31f55ed301f8fda3dfc3f26a6d69a1588d22a2781a6f8f3c2c5a631735,0,0,0,,,,support_below_20
ICKG-Weak,43,confidence,No context,b6b22b31f55ed301f8fda3dfc3f26a6d69a1588d22a2781a6f8f3c2c5a631735,9232,71,9161,0.011608710011355506,0.01968693801604176,-0.008078228004686253,
ICKG-Weak,43,indegree,0,b6b22b31f55ed301f8fda3dfc3f26a6d69a1588d22a2781a6f8f3c2c5a631735,3770,18,3752,0.006711347593424685,0.004774535809018567,0.0019368117844061174,
ICKG-Weak,43,indegree,1-2,b6b22b31f55ed301f8fda3dfc3f26a6d69a1588d22a2781a6f8f3c2c5a631735,6322,79,6243,0.01703581869254056,0.023494027932110684,-0.006458209239570124,
ICKG-Weak,43,indegree,3-5,b6b22b31f55ed301f8fda3dfc3f26a6d69a1588d22a2781a6f8f3c2c5a631735,696,66,630,0.13188022611348407,0.14097931848715547,-0.009099092373671402,
ICKG-Weak,43,indegree,6+,b6b22b31f55ed301f8fda3dfc3f26a6d69a1588d22a2781a6f8f3c2c5a631735,290,65,225,0.2815399106698303,0.3562334217506631,-0.07469351108083278,
ICKG-Weak,71,age,"(0, 7] d",b6b22b31f55ed301f8fda3dfc3f26a6d69a1588d22a2781a6f8f3c2c5a631735,668,99,569,0.1542993546751999,0.15390556267622002,0.0003937919989798755,
ICKG-Weak,71,age,"(7, 14] d",b6b22b31f55ed301f8fda3dfc3f26a6d69a1588d22a2781a6f8f3c2c5a631735,469,28,441,0.056273226179305344,0.06550619907526907,-0.009232972895963726,
ICKG-Weak,71,age,"(14, 30] d",b6b22b31f55ed301f8fda3dfc3f26a6d69a1588d22a2781a6f8f3c2c5a631735,709,30,679,0.06037494126988635,0.08123174746834631,-0.020856806198459962,
ICKG-Weak,71,age,>30 d,b6b22b31f55ed301f8fda3dfc3f26a6d69a1588d22a2781a6f8f3c2c5a631735,0,0,0,,,,support_below_20
ICKG-Weak,71,age,No context,b6b22b31f55ed301f8fda3dfc3f26a6d69a1588d22a2781a6f8f3c2c5a631735,9232,71,9161,0.012335626841965555,0.01825762498546053,-0.005921998143494974,
ICKG-Weak,71,confidence,0.55,b6b22b31f55ed301f8fda3dfc3f26a6d69a1588d22a2781a6f8f3c2c5a631735,0,0,0,,,,support_below_20
ICKG-Weak,71,confidence,0.80,b6b22b31f55ed301f8fda3dfc3f26a6d69a1588d22a2781a6f8f3c2c5a631735,1846,157,1689,0.08646174122887486,0.09947881732020802,-0.013017076091333166,
ICKG-Weak,71,confidence,0.90,b6b22b31f55ed301f8fda3dfc3f26a6d69a1588d22a2781a6f8f3c2c5a631735,0,0,0,,,,support_below_20
ICKG-Weak,71,confidence,Other,b6b22b31f55ed301f8fda3dfc3f26a6d69a1588d22a2781a6f8f3c2c5a631735,0,0,0,,,,support_below_20
ICKG-Weak,71,confidence,No context,b6b22b31f55ed301f8fda3dfc3f26a6d69a1588d22a2781a6f8f3c2c5a631735,9232,71,9161,0.012335626841965555,0.01825762498546053,-0.005921998143494974,
ICKG-Weak,71,indegree,0,b6b22b31f55ed301f8fda3dfc3f26a6d69a1588d22a2781a6f8f3c2c5a631735,3770,18,3752,0.0044275356923169674,0.004774535809018567,-0.00034700011670159986,
ICKG-Weak,71,indegree,1-2,b6b22b31f55ed301f8fda3dfc3f26a6d69a1588d22a2781a6f8f3c2c5a631735,6322,79,6243,0.02209520371287666,0.017207605342768034,0.004887598370108628,
ICKG-Weak,71,indegree,3-5,b6b22b31f55ed301f8fda3dfc3f26a6d69a1588d22a2781a6f8f3c2c5a631735,696,66,630,0.12952042723130025,0.1548731832430892,-0.025352756011788963,
ICKG-Weak,71,indegree,6+,b6b22b31f55ed301f8fda3dfc3f26a6d69a1588d22a2781a6f8f3c2c5a631735,290,65,225,0.2792853666368854,0.2203580901856764,0.058927276451209015,
ICKG-Weak,101,age,"(0, 7] d",b6b22b31f55ed301f8fda3dfc3f26a6d69a1588d22a2781a6f8f3c2c5a631735,668,99,569,0.12439843637845666,0.16210700396939584,-0.037708567590939185,
ICKG-Weak,101,age,"(7, 14] d",b6b22b31f55ed301f8fda3dfc3f26a6d69a1588d22a2781a6f8f3c2c5a631735,469,28,441,0.04608206272277984,0.06756750973003829,-0.02148544700725845,
ICKG-Weak,101,age,"(14, 30] d",b6b22b31f55ed301f8fda3dfc3f26a6d69a1588d22a2781a6f8f3c2c5a631735,709,30,679,0.04319679975345374,0.08097876479403665,-0.03778196504058291,
ICKG-Weak,101,age,>30 d,b6b22b31f55ed301f8fda3dfc3f26a6d69a1588d22a2781a6f8f3c2c5a631735,0,0,0,,,,support_below_20
ICKG-Weak,101,age,No context,b6b22b31f55ed301f8fda3dfc3f26a6d69a1588d22a2781a6f8f3c2c5a631735,9232,71,9161,0.020093281471826253,0.018309226251693574,0.0017840552201326791,
ICKG-Weak,101,confidence,0.55,b6b22b31f55ed301f8fda3dfc3f26a6d69a1588d22a2781a6f8f3c2c5a631735,0,0,0,,,,support_below_20
ICKG-Weak,101,confidence,0.80,b6b22b31f55ed301f8fda3dfc3f26a6d69a1588d22a2781a6f8f3c2c5a631735,1846,157,1689,0.06903938193802009,0.10299532297281389,-0.033955941034793796,
ICKG-Weak,101,confidence,0.90,b6b22b31f55ed301f8fda3dfc3f26a6d69a1588d22a2781a6f8f3c2c5a631735,0,0,0,,,,support_below_20
ICKG-Weak,101,confidence,Other,b6b22b31f55ed301f8fda3dfc3f26a6d69a1588d22a2781a6f8f3c2c5a631735,0,0,0,,,,support_below_20
ICKG-Weak,101,confidence,No context,b6b22b31f55ed301f8fda3dfc3f26a6d69a1588d22a2781a6f8f3c2c5a631735,9232,71,9161,0.020093281471826253,0.018309226251693574,0.0017840552201326791,
ICKG-Weak,101,indegree,0,b6b22b31f55ed301f8fda3dfc3f26a6d69a1588d22a2781a6f8f3c2c5a631735,3770,18,3752,0.008527339289165997,0.004774535809018567,0.0037528034801474295,
ICKG-Weak,101,indegree,1-2,b6b22b31f55ed301f8fda3dfc3f26a6d69a1588d22a2781a6f8f3c2c5a631735,6322,79,6243,0.02505763341264907,0.016442916937664087,0.008614716474984983,
ICKG-Weak,101,indegree,3-5,b6b22b31f55ed301f8fda3dfc3f26a6d69a1588d22a2781a6f8f3c2c5a631735,696,66,630,0.08461690057261077,0.15463807352522088,-0.07002117295261011,
ICKG-Weak,101,indegree,6+,b6b22b31f55ed301f8fda3dfc3f26a6d69a1588d22a2781a6f8f3c2c5a631735,290,65,225,0.27765992408852924,0.2203580901856764,0.057301833902852845,
SIM-Auto,17,age,"(0, 7] d",4e6d9baa6fb71bba375db77cf9c72ec9b862a37434715b36277dd7265588d017,721,72,649,0.497836874191145,0.20476387767371282,0.2930729965174321,
SIM-Auto,17,age,"(7, 14] d",4e6d9baa6fb71bba375db77cf9c72ec9b862a37434715b36277dd7265588d017,0,0,0,,,,support_below_20
SIM-Auto,17,age,"(14, 30] d",4e6d9baa6fb71bba375db77cf9c72ec9b862a37434715b36277dd7265588d017,0,0,0,,,,support_below_20
SIM-Auto,17,age,>30 d,4e6d9baa6fb71bba375db77cf9c72ec9b862a37434715b36277dd7265588d017,0,0,0,,,,support_below_20
SIM-Auto,17,age,No context,4e6d9baa6fb71bba375db77cf9c72ec9b862a37434715b36277dd7265588d017,1183,73,1110,0.23497117706041873,0.170129302025549,0.06484187503486974,
SIM-Auto,17,confidence,0.55,4e6d9baa6fb71bba375db77cf9c72ec9b862a37434715b36277dd7265588d017,676,46,630,0.2242401841652232,0.23943478056896153,-0.015194596403738325,
SIM-Auto,17,confidence,0.80,4e6d9baa6fb71bba375db77cf9c72ec9b862a37434715b36277dd7265588d017,0,0,0,,,,support_below_20
SIM-Auto,17,confidence,0.90,4e6d9baa6fb71bba375db77cf9c72ec9b862a37434715b36277dd7265588d017,45,26,19,0.7877761526373178,0.5967798536043778,0.19099629903294002,
SIM-Auto,17,confidence,Other,4e6d9baa6fb71bba375db77cf9c72ec9b862a37434715b36277dd7265588d017,0,0,0,,,,support_below_20
SIM-Auto,17,confidence,No context,4e6d9baa6fb71bba375db77cf9c72ec9b862a37434715b36277dd7265588d017,1183,73,1110,0.23497117706041873,0.170129302025549,0.06484187503486974,
SIM-Auto,17,indegree,0,4e6d9baa6fb71bba375db77cf9c72ec9b862a37434715b36277dd7265588d017,595,16,579,0.7723245504495504,0.03159810681436979,0.7407264436351806,
SIM-Auto,17,indegree,1-2,4e6d9baa6fb71bba375db77cf9c72ec9b862a37434715b36277dd7265588d017,272,12,260,0.39927548316342787,0.040218740954035076,0.35905674220939277,
SIM-Auto,17,indegree,3-5,4e6d9baa6fb71bba375db77cf9c72ec9b862a37434715b36277dd7265588d017,612,51,561,0.32978584063232663,0.12739813161258395,0.20238770901974268,
SIM-Auto,17,indegree,6+,4e6d9baa6fb71bba375db77cf9c72ec9b862a37434715b36277dd7265588d017,425,66,359,0.26760787381371387,0.23973527427376273,0.027872599539951137,
SIM-Auto,29,age,"(0, 7] d",4e6d9baa6fb71bba375db77cf9c72ec9b862a37434715b36277dd7265588d017,721,72,649,0.4715340972777673,0.19607630405336943,0.2754577932243979,
SIM-Auto,29,age,"(7, 14] d",4e6d9baa6fb71bba375db77cf9c72ec9b862a37434715b36277dd7265588d017,0,0,0,,,,support_below_20
SIM-Auto,29,age,"(14, 30] d",4e6d9baa6fb71bba375db77cf9c72ec9b862a37434715b36277dd7265588d017,0,0,0,,,,support_below_20
SIM-Auto,29,age,>30 d,4e6d9baa6fb71bba375db77cf9c72ec9b862a37434715b36277dd7265588d017,0,0,0,,,,support_below_20
SIM-Auto,29,age,No context,4e6d9baa6fb71bba375db77cf9c72ec9b862a37434715b36277dd7265588d017,1183,73,1110,0.23333739099591203,0.1695487641170746,0.06378862687883743,
SIM-Auto,29,confidence,0.55,4e6d9baa6fb71bba375db77cf9c72ec9b862a37434715b36277dd7265588d017,676,46,630,0.2194647719059193,0.22633712834647093,-0.006872356440551647,
SIM-Auto,29,confidence,0.80,4e6d9baa6fb71bba375db77cf9c72ec9b862a37434715b36277dd7265588d017,0,0,0,,,,support_below_20
SIM-Auto,29,confidence,0.90,4e6d9baa6fb71bba375db77cf9c72ec9b862a37434715b36277dd7265588d017,45,26,19,0.7649411803047605,0.6133486977357835,0.15159248256897706,
SIM-Auto,29,confidence,Other,4e6d9baa6fb71bba375db77cf9c72ec9b862a37434715b36277dd7265588d017,0,0,0,,,,support_below_20
SIM-Auto,29,confidence,No context,4e6d9baa6fb71bba375db77cf9c72ec9b862a37434715b36277dd7265588d017,1183,73,1110,0.23333739099591203,0.1695487641170746,0.06378862687883743,
SIM-Auto,29,indegree,0,4e6d9baa6fb71bba375db77cf9c72ec9b862a37434715b36277dd7265588d017,595,16,579,0.7203852461395565,0.03159762550982274,0.6887876206297338,
SIM-Auto,29,indegree,1-2,4e6d9baa6fb71bba375db77cf9c72ec9b862a37434715b36277dd7265588d017,272,12,260,0.36683253936772325,0.04343823387941035,0.3233943054883129,
SIM-Auto,29,indegree,3-5,4e6d9baa6fb71bba375db77cf9c72ec9b862a37434715b36277dd7265588d017,612,51,561,0.3251213430467944,0.11106682118584779,0.21405452186094662,
SIM-Auto,29,indegree,6+,4e6d9baa6fb71bba375db77cf9c72ec9b862a37434715b36277dd7265588d017,425,66,359,0.2576570904805132,0.23804957678315303,0.01960751369736019,
SIM-Auto,43,age,"(0, 7] d",4e6d9baa6fb71bba375db77cf9c72ec9b862a37434715b36277dd7265588d017,721,72,649,0.49059622353077825,0.1898353892459539,0.30076083428482436,
SIM-Auto,43,age,"(7, 14] d",4e6d9baa6fb71bba375db77cf9c72ec9b862a37434715b36277dd7265588d017,0,0,0,,,,support_below_20
SIM-Auto,43,age,"(14, 30] d",4e6d9baa6fb71bba375db77cf9c72ec9b862a37434715b36277dd7265588d017,0,0,0,,,,support_below_20
SIM-Auto,43,age,>30 d,4e6d9baa6fb71bba375db77cf9c72ec9b862a37434715b36277dd7265588d017,0,0,0,,,,support_below_20
SIM-Auto,43,age,No context,4e6d9baa6fb71bba375db77cf9c72ec9b862a37434715b36277dd7265588d017,1183,73,1110,0.23307541296591444,0.16913958668344098,0.06393582628247346,
SIM-Auto,43,confidence,0.55,4e6d9baa6fb71bba375db77cf9c72ec9b862a37434715b36277dd7265588d017,676,46,630,0.21355155437969428,0.21749529755142452,-0.003943743171730241,
SIM-Auto,43,confidence,0.80,4e6d9baa6fb71bba375db77cf9c72ec9b862a37434715b36277dd7265588d017,0,0,0,,,,support_below_20
SIM-Auto,43,confidence,0.90,4e6d9baa6fb71bba375db77cf9c72ec9b862a37434715b36277dd7265588d017,45,26,19,0.7895145789859144,0.5989978736241713,0.19051670536174303,
SIM-Auto,43,confidence,Other,4e6d9baa6fb71bba375db77cf9c72ec9b862a37434715b36277dd7265588d017,0,0,0,,,,support_below_20
SIM-Auto,43,confidence,No context,4e6d9baa6fb71bba375db77cf9c72ec9b862a37434715b36277dd7265588d017,1183,73,1110,0.23307541296591444,0.16913958668344098,0.06393582628247346,
SIM-Auto,43,indegree,0,4e6d9baa6fb71bba375db77cf9c72ec9b862a37434715b36277dd7265588d017,595,16,579,0.7126514131293543,0.029207131294652355,0.683444281834702,
SIM-Auto,43,indegree,1-2,4e6d9baa6fb71bba375db77cf9c72ec9b862a37434715b36277dd7265588d017,272,12,260,0.30740114254741935,0.0439769108886756,0.26342423165874373,
SIM-Auto,43,indegree,3-5,4e6d9baa6fb71bba375db77cf9c72ec9b862a37434715b36277dd7265588d017,612,51,561,0.3228194311183318,0.10908773046251734,0.21373170065581443,
SIM-Auto,43,indegree,6+,4e6d9baa6fb71bba375db77cf9c72ec9b862a37434715b36277dd7265588d017,425,66,359,0.27458126936242316,0.23104585985573867,0.0435354095066845,
SIM-Auto,71,age,"(0, 7] d",4e6d9baa6fb71bba375db77cf9c72ec9b862a37434715b36277dd7265588d017,721,72,649,0.4654489727085265,0.18940621073332492,0.27604276197520156,
SIM-Auto,71,age,"(7, 14] d",4e6d9baa6fb71bba375db77cf9c72ec9b862a37434715b36277dd7265588d017,0,0,0,,,,support_below_20
SIM-Auto,71,age,"(14, 30] d",4e6d9baa6fb71bba375db77cf9c72ec9b862a37434715b36277dd7265588d017,0,0,0,,,,support_below_20
SIM-Auto,71,age,>30 d,4e6d9baa6fb71bba375db77cf9c72ec9b862a37434715b36277dd7265588d017,0,0,0,,,,support_below_20
SIM-Auto,71,age,No context,4e6d9baa6fb71bba375db77cf9c72ec9b862a37434715b36277dd7265588d017,1183,73,1110,0.2230422252509176,0.16737668681344736,0.05566553843747024,
SIM-Auto,71,confidence,0.55,4e6d9baa6fb71bba375db77cf9c72ec9b862a37434715b36277dd7265588d017,676,46,630,0.20250052642048366,0.21755169158381918,-0.015051165163335517,
SIM-Auto,71,confidence,0.80,4e6d9baa6fb71bba375db77cf9c72ec9b862a37434715b36277dd7265588d017,0,0,0,,,,support_below_20
SIM-Auto,71,confidence,0.90,4e6d9baa6fb71bba375db77cf9c72ec9b862a37434715b36277dd7265588d017,45,26,19,0.7445090986803073,0.580831158750339,0.16367793992996837,
SIM-Auto,71,confidence,Other,4e6d9baa6fb71bba375db77cf9c72ec9b862a37434715b36277dd7265588d017,0,0,0,,,,support_below_20
SIM-Auto,71,confidence,No context,4e6d9baa6fb71bba375db77cf9c72ec9b862a37434715b36277dd7265588d017,1183,73,1110,0.2230422252509176,0.16737668681344736,0.05566553843747024,
SIM-Auto,71,indegree,0,4e6d9baa6fb71bba375db77cf9c72ec9b862a37434715b36277dd7265588d017,595,16,579,0.7177655553111028,0.03044970322558346,0.6873158520855193,
SIM-Auto,71,indegree,1-2,4e6d9baa6fb71bba375db77cf9c72ec9b862a37434715b36277dd7265588d017,272,12,260,0.31324842205918313,0.04348671481024423,0.2697617072489389,
SIM-Auto,71,indegree,3-5,4e6d9baa6fb71bba375db77cf9c72ec9b862a37434715b36277dd7265588d017,612,51,561,0.31152316049340095,0.1039576872292143,0.20756547326418667,
SIM-Auto,71,indegree,6+,4e6d9baa6fb71bba375db77cf9c72ec9b862a37434715b36277dd7265588d017,425,66,359,0.2581978555325285,0.22870819014192867,0.02948966539059983,
SIM-Auto,101,age,"(0, 7] d",4e6d9baa6fb71bba375db77cf9c72ec9b862a37434715b36277dd7265588d017,721,72,649,0.48698285256709645,0.20147940926070557,0.2855034433063909,
SIM-Auto,101,age,"(7, 14] d",4e6d9baa6fb71bba375db77cf9c72ec9b862a37434715b36277dd7265588d017,0,0,0,,,,support_below_20
SIM-Auto,101,age,"(14, 30] d",4e6d9baa6fb71bba375db77cf9c72ec9b862a37434715b36277dd7265588d017,0,0,0,,,,support_below_20
SIM-Auto,101,age,>30 d,4e6d9baa6fb71bba375db77cf9c72ec9b862a37434715b36277dd7265588d017,0,0,0,,,,support_below_20
SIM-Auto,101,age,No context,4e6d9baa6fb71bba375db77cf9c72ec9b862a37434715b36277dd7265588d017,1183,73,1110,0.21937833799566228,0.16956700840144265,0.04981132959421963,
SIM-Auto,101,confidence,0.55,4e6d9baa6fb71bba375db77cf9c72ec9b862a37434715b36277dd7265588d017,676,46,630,0.2068533012266414,0.23619244462703096,-0.029339143400389567,
SIM-Auto,101,confidence,0.80,4e6d9baa6fb71bba375db77cf9c72ec9b862a37434715b36277dd7265588d017,0,0,0,,,,support_below_20
SIM-Auto,101,confidence,0.90,4e6d9baa6fb71bba375db77cf9c72ec9b862a37434715b36277dd7265588d017,45,26,19,0.7947829934268771,0.5814032666824999,0.21337972674437722,
SIM-Auto,101,confidence,Other,4e6d9baa6fb71bba375db77cf9c72ec9b862a37434715b36277dd7265588d017,0,0,0,,,,support_below_20
SIM-Auto,101,confidence,No context,4e6d9baa6fb71bba375db77cf9c72ec9b862a37434715b36277dd7265588d017,1183,73,1110,0.21937833799566228,0.16956700840144265,0.04981132959421963,
SIM-Auto,101,indegree,0,4e6d9baa6fb71bba375db77cf9c72ec9b862a37434715b36277dd7265588d017,595,16,579,0.7657274302494891,0.030020883374912842,0.7357065468745763,
SIM-Auto,101,indegree,1-2,4e6d9baa6fb71bba375db77cf9c72ec9b862a37434715b36277dd7265588d017,272,12,260,0.29792896366823285,0.045072220807514926,0.2528567428607179,
SIM-Auto,101,indegree,3-5,4e6d9baa6fb71bba375db77cf9c72ec9b862a37434715b36277dd7265588d017,612,51,561,0.32040388089958455,0.10813229485781412,0.21227158604177043,
SIM-Auto,101,indegree,6+,4e6d9baa6fb71bba375db77cf9c72ec9b862a37434715b36277dd7265588d017,425,66,359,0.2561654329121671,0.24008224941035228,0.016083183501814813,
SIM-Energy,17,age,"(0, 7] d",2ea23baaa883ac186aaa5b8c96004e77f63a0be974c8180f9bab964e9fcc4676,713,50,663,0.4217495134720981,0.09375602182293573,0.32799349164916236,
SIM-Energy,17,age,"(7, 14] d",2ea23baaa883ac186aaa5b8c96004e77f63a0be974c8180f9bab964e9fcc4676,0,0,0,,,,support_below_20
SIM-Energy,17,age,"(14, 30] d",2ea23baaa883ac186aaa5b8c96004e77f63a0be974c8180f9bab964e9fcc4676,0,0,0,,,,support_below_20
SIM-Energy,17,age,>30 d,2ea23baaa883ac186aaa5b8c96004e77f63a0be974c8180f9bab964e9fcc4676,0,0,0,,,,support_below_20
SIM-Energy,17,age,No context,2ea23baaa883ac186aaa5b8c96004e77f63a0be974c8180f9bab964e9fcc4676,1191,70,1121,0.12919552956976071,0.12559938590889352,0.0035961436608671904,
SIM-Energy,17,confidence,0.55,2ea23baaa883ac186aaa5b8c96004e77f63a0be974c8180f9bab964e9fcc4676,671,29,642,0.12035351240838203,0.09963388914187873,0.020719623266503298,
SIM-Energy,17,confidence,0.80,2ea23baaa883ac186aaa5b8c96004e77f63a0be974c8180f9bab964e9fcc4676,0,0,0,,,,support_below_20
SIM-Energy,17,confidence,0.90,2ea23baaa883ac186aaa5b8c96004e77f63a0be974c8180f9bab964e9fcc4676,42,21,21,0.7680416522712015,0.4889980315829569,0.27904362068824456,
SIM-Energy,17,confidence,Other,2ea23baaa883ac186aaa5b8c96004e77f63a0be974c8180f9bab964e9fcc4676,0,0,0,,,,support_below_20
SIM-Energy,17,confidence,No context,2ea23baaa883ac186aaa5b8c96004e77f63a0be974c8180f9bab964e9fcc4676,1191,70,1121,0.12919552956976071,0.12559938590889352,0.0035961436608671904,
SIM-Energy,17,indegree,0,2ea23baaa883ac186aaa5b8c96004e77f63a0be974c8180f9bab964e9fcc4676,544,11,533,0.6350222182536926,0.015260119219030699,0.619762099034662,
SIM-Energy,17,indegree,1-2,2ea23baaa883ac186aaa5b8c96004e77f63a0be974c8180f9bab964e9fcc4676,374,14,360,0.3444063598464276,0.04642099263948004,0.29798536720694757,
SIM-Energy,17,indegree,3-5,2ea23baaa883ac186aaa5b8c96004e77f63a0be974c8180f9bab964e9fcc4676,527,39,488,0.254014811746205,0.07931806788284003,0.17469674386336498,
SIM-Energy,17,indegree,6+,2ea23baaa883ac186aaa5b8c96004e77f63a0be974c8180f9bab964e9fcc4676,459,56,403,0.14259397560081538,0.13031821346855596,0.012275762132259421,
SIM-Energy,29,age,"(0, 7] d",2ea23baaa883ac186aaa5b8c96004e77f63a0be974c8180f9bab964e9fcc4676,713,50,663,0.4541750437744059,0.09693003434544596,0.3572450094289599,
SIM-Energy,29,age,"(7, 14] d",2ea23baaa883ac186aaa5b8c96004e77f63a0be974c8180f9bab964e9fcc4676,0,0,0,,,,support_below_20
SIM-Energy,29,age,"(14, 30] d",2ea23baaa883ac186aaa5b8c96004e77f63a0be974c8180f9bab964e9fcc4676,0,0,0,,,,support_below_20
SIM-Energy,29,age,>30 d,2ea23baaa883ac186aaa5b8c96004e77f63a0be974c8180f9bab964e9fcc4676,0,0,0,,,,support_below_20
SIM-Energy,29,age,No context,2ea23baaa883ac186aaa5b8c96004e77f63a0be974c8180f9bab964e9fcc4676,1191,70,1121,0.13745496604705115,0.12406702817979344,0.013387937867257713,
SIM-Energy,29,confidence,0.55,2ea23baaa883ac186aaa5b8c96004e77f63a0be974c8180f9bab964e9fcc4676,671,29,642,0.11580729534509876,0.09992153805970225,0.015885757285396512,
SIM-Energy,29,confidence,0.80,2ea23baaa883ac186aaa5b8c96004e77f63a0be974c8180f9bab964e9fcc4676,0,0,0,,,,support_below_20
SIM-Energy,29,confidence,0.90,2ea23baaa883ac186aaa5b8c96004e77f63a0be974c8180f9bab964e9fcc4676,42,21,21,0.8354413094329061,0.5409190884125685,0.29452222102033754,
SIM-Energy,29,confidence,Other,2ea23baaa883ac186aaa5b8c96004e77f63a0be974c8180f9bab964e9fcc4676,0,0,0,,,,support_below_20
SIM-Energy,29,confidence,No context,2ea23baaa883ac186aaa5b8c96004e77f63a0be974c8180f9bab964e9fcc4676,1191,70,1121,0.13745496604705115,0.12406702817979344,0.013387937867257713,
SIM-Energy,29,indegree,0,2ea23baaa883ac186aaa5b8c96004e77f63a0be974c8180f9bab964e9fcc4676,544,11,533,0.6204116866460352,0.015848410627335954,0.6045632760186992,
SIM-Energy,29,indegree,1-2,2ea23baaa883ac186aaa5b8c96004e77f63a0be974c8180f9bab964e9fcc4676,374,14,360,0.3617812220436665,0.05095128960675179,0.3108299324369147,
SIM-Energy,29,indegree,3-5,2ea23baaa883ac186aaa5b8c96004e77f63a0be974c8180f9bab964e9fcc4676,527,39,488,0.27906789652851455,0.08551688840028202,0.19355100812823253,
SIM-Energy,29,indegree,6+,2ea23baaa883ac186aaa5b8c96004e77f63a0be974c8180f9bab964e9fcc4676,459,56,403,0.1478952443326673,0.12954553390522297,0.01834971042744432,
SIM-Energy,43,age,"(0, 7] d",2ea23baaa883ac186aaa5b8c96004e77f63a0be974c8180f9bab964e9fcc4676,713,50,663,0.42303771309937593,0.12422298485282508,0.29881472824655086,
SIM-Energy,43,age,"(7, 14] d",2ea23baaa883ac186aaa5b8c96004e77f63a0be974c8180f9bab964e9fcc4676,0,0,0,,,,support_below_20
SIM-Energy,43,age,"(14, 30] d",2ea23baaa883ac186aaa5b8c96004e77f63a0be974c8180f9bab964e9fcc4676,0,0,0,,,,support_below_20
SIM-Energy,43,age,>30 d,2ea23baaa883ac186aaa5b8c96004e77f63a0be974c8180f9bab964e9fcc4676,0,0,0,,,,support_below_20
SIM-Energy,43,age,No context,2ea23baaa883ac186aaa5b8c96004e77f63a0be974c8180f9bab964e9fcc4676,1191,70,1121,0.12795118234410308,0.1249971586568497,0.0029540236872533793,
SIM-Energy,43,confidence,0.55,2ea23baaa883ac186aaa5b8c96004e77f63a0be974c8180f9bab964e9fcc4676,671,29,642,0.10612343688782756,0.15259077412316688,-0.046467337235339315,
SIM-Energy,43,confidence,0.80,2ea23baaa883ac186aaa5b8c96004e77f63a0be974c8180f9bab964e9fcc4676,0,0,0,,,,support_below_20
SIM-Energy,43,confidence,0.90,2ea23baaa883ac186aaa5b8c96004e77f63a0be974c8180f9bab964e9fcc4676,42,21,21,0.7972785618172509,0.504365991607371,0.29291257020987993,
SIM-Energy,43,confidence,Other,2ea23baaa883ac186aaa5b8c96004e77f63a0be974c8180f9bab964e9fcc4676,0,0,0,,,,support_below_20
SIM-Energy,43,confidence,No context,2ea23baaa883ac186aaa5b8c96004e77f63a0be974c8180f9bab964e9fcc4676,1191,70,1121,0.12795118234410308,0.1249971586568497,0.0029540236872533793,
SIM-Energy,43,indegree,0,2ea23baaa883ac186aaa5b8c96004e77f63a0be974c8180f9bab964e9fcc4676,544,11,533,0.6880063404891519,0.014687539132371145,0.6733188013567807,
SIM-Energy,43,indegree,1-2,2ea23baaa883ac186aaa5b8c96004e77f63a0be974c8180f9bab964e9fcc4676,374,14,360,0.35160916216613786,0.048682769960770325,0.30292639220536755,
SIM-Energy,43,indegree,3-5,2ea23baaa883ac186aaa5b8c96004e77f63a0be974c8180f9bab964e9fcc4676,527,39,488,0.2713204911094341,0.07065064958996287,0.20066984151947126,
SIM-Energy,43,indegree,6+,2ea23baaa883ac186aaa5b8c96004e77f63a0be974c8180f9bab964e9fcc4676,459,56,403,0.1337683766797793,0.15454805975027447,-0.02077968307049516,
SIM-Energy,71,age,"(0, 7] d",2ea23baaa883ac186aaa5b8c96004e77f63a0be974c8180f9bab964e9fcc4676,713,50,663,0.4324821180912324,0.12754655687436992,0.3049355612168625,
SIM-Energy,71,age,"(7, 14] d",2ea23baaa883ac186aaa5b8c96004e77f63a0be974c8180f9bab964e9fcc4676,0,0,0,,,,support_below_20
SIM-Energy,71,age,"(14, 30] d",2ea23baaa883ac186aaa5b8c96004e77f63a0be974c8180f9bab964e9fcc4676,0,0,0,,,,support_below_20
SIM-Energy,71,age,>30 d,2ea23baaa883ac186aaa5b8c96004e77f63a0be974c8180f9bab964e9fcc4676,0,0,0,,,,support_below_20
SIM-Energy,71,age,No context,2ea23baaa883ac186aaa5b8c96004e77f63a0be974c8180f9bab964e9fcc4676,1191,70,1121,0.1401255128702691,0.13239624419757592,0.0077292686726931625,
SIM-Energy,71,confidence,0.55,2ea23baaa883ac186aaa5b8c96004e77f63a0be974c8180f9bab964e9fcc4676,671,29,642,0.13291222261338406,0.1566174684427678,-0.023705245829383742,
SIM-Energy,71,confidence,0.80,2ea23baaa883ac186aaa5b8c96004e77f63a0be974c8180f9bab964e9fcc4676,0,0,0,,,,support_below_20
SIM-Energy,71,confidence,0.90,2ea23baaa883ac186aaa5b8c96004e77f63a0be974c8180f9bab964e9fcc4676,42,21,21,0.7607690457063125,0.5006976554090627,0.2600713902972498,
SIM-Energy,71,confidence,Other,2ea23baaa883ac186aaa5b8c96004e77f63a0be974c8180f9bab964e9fcc4676,0,0,0,,,,support_below_20
SIM-Energy,71,confidence,No context,2ea23baaa883ac186aaa5b8c96004e77f63a0be974c8180f9bab964e9fcc4676,1191,70,1121,0.1401255128702691,0.13239624419757592,0.0077292686726931625,
SIM-Energy,71,indegree,0,2ea23baaa883ac186aaa5b8c96004e77f63a0be974c8180f9bab964e9fcc4676,544,11,533,0.6349467525938114,0.017199582138038714,0.6177471704557727,
SIM-Energy,71,indegree,1-2,2ea23baaa883ac186aaa5b8c96004e77f63a0be974c8180f9bab964e9fcc4676,374,14,360,0.3493343495773775,0.050627686972224785,0.2987066626051527,
SIM-Energy,71,indegree,3-5,2ea23baaa883ac186aaa5b8c96004e77f63a0be974c8180f9bab964e9fcc4676,527,39,488,0.25473473885054454,0.07699162378273168,0.17774311506781287,
SIM-Energy,71,indegree,6+,2ea23baaa883ac186aaa5b8c96004e77f63a0be974c8180f9bab964e9fcc4676,459,56,403,0.15369035862022465,0.16775571988191898,-0.014065361261694331,
SIM-Energy,101,age,"(0, 7] d",2ea23baaa883ac186aaa5b8c96004e77f63a0be974c8180f9bab964e9fcc4676,713,50,663,0.4663803440103463,0.12354467383213696,0.3428356701782093,
SIM-Energy,101,age,"(7, 14] d",2ea23baaa883ac186aaa5b8c96004e77f63a0be974c8180f9bab964e9fcc4676,0,0,0,,,,support_below_20
SIM-Energy,101,age,"(14, 30] d",2ea23baaa883ac186aaa5b8c96004e77f63a0be974c8180f9bab964e9fcc4676,0,0,0,,,,support_below_20
SIM-Energy,101,age,>30 d,2ea23baaa883ac186aaa5b8c96004e77f63a0be974c8180f9bab964e9fcc4676,0,0,0,,,,support_below_20
SIM-Energy,101,age,No context,2ea23baaa883ac186aaa5b8c96004e77f63a0be974c8180f9bab964e9fcc4676,1191,70,1121,0.1435324288282209,0.12158418444007511,0.021948244388145785,
SIM-Energy,101,confidence,0.55,2ea23baaa883ac186aaa5b8c96004e77f63a0be974c8180f9bab964e9fcc4676,671,29,642,0.12101108887405355,0.14852179687177963,-0.027510707997726078,
SIM-Energy,101,confidence,0.80,2ea23baaa883ac186aaa5b8c96004e77f63a0be974c8180f9bab964e9fcc4676,0,0,0,,,,support_below_20
SIM-Energy,101,confidence,0.90,2ea23baaa883ac186aaa5b8c96004e77f63a0be974c8180f9bab964e9fcc4676,42,21,21,0.8283784956579074,0.47958687053512283,0.3487916251227846,
SIM-Energy,101,confidence,Other,2ea23baaa883ac186aaa5b8c96004e77f63a0be974c8180f9bab964e9fcc4676,0,0,0,,,,support_below_20
SIM-Energy,101,confidence,No context,2ea23baaa883ac186aaa5b8c96004e77f63a0be974c8180f9bab964e9fcc4676,1191,70,1121,0.1435324288282209,0.12158418444007511,0.021948244388145785,
SIM-Energy,101,indegree,0,2ea23baaa883ac186aaa5b8c96004e77f63a0be974c8180f9bab964e9fcc4676,544,11,533,0.7211589502322986,0.03606134322988463,0.685097607002414,
SIM-Energy,101,indegree,1-2,2ea23baaa883ac186aaa5b8c96004e77f63a0be974c8180f9bab964e9fcc4676,374,14,360,0.34729205344022573,0.03865404401817884,0.3086380094220469,
SIM-Energy,101,indegree,3-5,2ea23baaa883ac186aaa5b8c96004e77f63a0be974c8180f9bab964e9fcc4676,527,39,488,0.27715150102029174,0.07859162990147293,0.1985598711188188,
SIM-Energy,101,indegree,6+,2ea23baaa883ac186aaa5b8c96004e77f63a0be974c8180f9bab964e9fcc4676,459,56,403,0.14527663862758808,0.1440927196996714,0.0011839189279166662,
SIM-Semi,17,age,"(0, 7] d",54f9fd516dd6bda7be62f0c16561e9f6c0fe5841c8997a04b3cc0ffc1a5dc5da,701,144,557,0.7121416828920341,0.34821715311325663,0.36392452977877743,
SIM-Semi,17,age,"(7, 14] d",54f9fd516dd6bda7be62f0c16561e9f6c0fe5841c8997a04b3cc0ffc1a5dc5da,0,0,0,,,,support_below_20
SIM-Semi,17,age,"(14, 30] d",54f9fd516dd6bda7be62f0c16561e9f6c0fe5841c8997a04b3cc0ffc1a5dc5da,0,0,0,,,,support_below_20
SIM-Semi,17,age,>30 d,54f9fd516dd6bda7be62f0c16561e9f6c0fe5841c8997a04b3cc0ffc1a5dc5da,0,0,0,,,,support_below_20
SIM-Semi,17,age,No context,54f9fd516dd6bda7be62f0c16561e9f6c0fe5841c8997a04b3cc0ffc1a5dc5da,1203,155,1048,0.5143285626275543,0.35735878834588,0.15696977428167436,
SIM-Semi,17,confidence,0.55,54f9fd516dd6bda7be62f0c16561e9f6c0fe5841c8997a04b3cc0ffc1a5dc5da,662,108,554,0.5289860043269355,0.37810843707893105,0.1508775672480045,
SIM-Semi,17,confidence,0.80,54f9fd516dd6bda7be62f0c16561e9f6c0fe5841c8997a04b3cc0ffc1a5dc5da,0,0,0,,,,support_below_20
SIM-Semi,17,confidence,0.90,54f9fd516dd6bda7be62f0c16561e9f6c0fe5841c8997a04b3cc0ffc1a5dc5da,39,36,3,0.9636387233922408,0.9402948147502428,0.02334390864199798,
SIM-Semi,17,confidence,Other,54f9fd516dd6bda7be62f0c16561e9f6c0fe5841c8997a04b3cc0ffc1a5dc5da,0,0,0,,,,support_below_20
SIM-Semi,17,confidence,No context,54f9fd516dd6bda7be62f0c16561e9f6c0fe5841c8997a04b3cc0ffc1a5dc5da,1203,155,1048,0.5143285626275543,0.35735878834588,0.15696977428167436,
SIM-Semi,17,indegree,0,54f9fd516dd6bda7be62f0c16561e9f6c0fe5841c8997a04b3cc0ffc1a5dc5da,629,26,603,0.8686272355457636,0.042916904683796143,0.8257103308619674,
SIM-Semi,17,indegree,1-2,54f9fd516dd6bda7be62f0c16561e9f6c0fe5841c8997a04b3cc0ffc1a5dc5da,272,29,243,0.5770937463632538,0.14844874249032464,0.4286450038729292,
SIM-Semi,17,indegree,3-5,54f9fd516dd6bda7be62f0c16561e9f6c0fe5841c8997a04b3cc0ffc1a5dc5da,544,89,455,0.5493464377543701,0.17589439122430583,0.37345204653006425,
SIM-Semi,17,indegree,6+,54f9fd516dd6bda7be62f0c16561e9f6c0fe5841c8997a04b3cc0ffc1a5dc5da,459,155,304,0.5863708908766649,0.43259044611434233,0.1537804447623226,
SIM-Semi,29,age,"(0, 7] d",54f9fd516dd6bda7be62f0c16561e9f6c0fe5841c8997a04b3cc0ffc1a5dc5da,701,144,557,0.6987236949091427,0.3522763943236912,0.3464473005854515,
SIM-Semi,29,age,"(7, 14] d",54f9fd516dd6bda7be62f0c16561e9f6c0fe5841c8997a04b3cc0ffc1a5dc5da,0,0,0,,,,support_below_20
SIM-Semi,29,age,"(14, 30] d",54f9fd516dd6bda7be62f0c16561e9f6c0fe5841c8997a04b3cc0ffc1a5dc5da,0,0,0,,,,support_below_20
SIM-Semi,29,age,>30 d,54f9fd516dd6bda7be62f0c16561e9f6c0fe5841c8997a04b3cc0ffc1a5dc5da,0,0,0,,,,support_below_20
SIM-Semi,29,age,No context,54f9fd516dd6bda7be62f0c16561e9f6c0fe5841c8997a04b3cc0ffc1a5dc5da,1203,155,1048,0.5072082163710885,0.3420821254944929,0.16512609087659558,
SIM-Semi,29,confidence,0.55,54f9fd516dd6bda7be62f0c16561e9f6c0fe5841c8997a04b3cc0ffc1a5dc5da,662,108,554,0.5104946431819999,0.3838642963507408,0.12663034683125907,
SIM-Semi,29,confidence,0.80,54f9fd516dd6bda7be62f0c16561e9f6c0fe5841c8997a04b3cc0ffc1a5dc5da,0,0,0,,,,support_below_20
SIM-Semi,29,confidence,0.90,54f9fd516dd6bda7be62f0c16561e9f6c0fe5841c8997a04b3cc0ffc1a5dc5da,39,36,3,0.9347261089412966,0.9321472325037866,0.0025788764375099804,
SIM-Semi,29,confidence,Other,54f9fd516dd6bda7be62f0c16561e9f6c0fe5841c8997a04b3cc0ffc1a5dc5da,0,0,0,,,,support_below_20
SIM-Semi,29,confidence,No context,54f9fd516dd6bda7be62f0c16561e9f6c0fe5841c8997a04b3cc0ffc1a5dc5da,1203,155,1048,0.5072082163710885,0.3420821254944929,0.16512609087659558,
SIM-Semi,29,indegree,0,54f9fd516dd6bda7be62f0c16561e9f6c0fe5841c8997a04b3cc0ffc1a5dc5da,629,26,603,0.8512809389335317,0.04001620829219838,0.8112647306413333,
SIM-Semi,29,indegree,1-2,54f9fd516dd6bda7be62f0c16561e9f6c0fe5841c8997a04b3cc0ffc1a5dc5da,272,29,243,0.5710146208004074,0.12851110744112773,0.44250351335927973,
SIM-Semi,29,indegree,3-5,54f9fd516dd6bda7be62f0c16561e9f6c0fe5841c8997a04b3cc0ffc1a5dc5da,544,89,455,0.5523578491004909,0.1785839228991278,0.37377392620136307,
SIM-Semi,29,indegree,6+,54f9fd516dd6bda7be62f0c16561e9f6c0fe5841c8997a04b3cc0ffc1a5dc5da,459,155,304,0.5669890978378014,0.4212566086715083,0.14573248916629306,
SIM-Semi,43,age,"(0, 7] d",54f9fd516dd6bda7be62f0c16561e9f6c0fe5841c8997a04b3cc0ffc1a5dc5da,701,144,557,0.7058029198261214,0.34673934797296824,0.3590635718531532,
SIM-Semi,43,age,"(7, 14] d",54f9fd516dd6bda7be62f0c16561e9f6c0fe5841c8997a04b3cc0ffc1a5dc5da,0,0,0,,,,support_below_20
SIM-Semi,43,age,"(14, 30] d",54f9fd516dd6bda7be62f0c16561e9f6c0fe5841c8997a04b3cc0ffc1a5dc5da,0,0,0,,,,support_below_20
SIM-Semi,43,age,>30 d,54f9fd516dd6bda7be62f0c16561e9f6c0fe5841c8997a04b3cc0ffc1a5dc5da,0,0,0,,,,support_below_20
SIM-Semi,43,age,No context,54f9fd516dd6bda7be62f0c16561e9f6c0fe5841c8997a04b3cc0ffc1a5dc5da,1203,155,1048,0.498970275498919,0.3381410017236445,0.1608292737752745,
SIM-Semi,43,confidence,0.55,54f9fd516dd6bda7be62f0c16561e9f6c0fe5841c8997a04b3cc0ffc1a5dc5da,662,108,554,0.5128468765335806,0.37718413903093234,0.1356627375026483,
SIM-Semi,43,confidence,0.80,54f9fd516dd6bda7be62f0c16561e9f6c0fe5841c8997a04b3cc0ffc1a5dc5da,0,0,0,,,,support_below_20
SIM-Semi,43,confidence,0.90,54f9fd516dd6bda7be62f0c16561e9f6c0fe5841c8997a04b3cc0ffc1a5dc5da,39,36,3,0.9728790922262335,0.9331652712171905,0.03971382100904297,
SIM-Semi,43,confidence,Other,54f9fd516dd6bda7be62f0c16561e9f6c0fe5841c8997a04b3cc0ffc1a5dc5da,0,0,0,,,,support_below_20
SIM-Semi,43,confidence,No context,54f9fd516dd6bda7be62f0c16561e9f6c0fe5841c8997a04b3cc0ffc1a5dc5da,1203,155,1048,0.498970275498919,0.3381410017236445,0.1608292737752745,
SIM-Semi,43,indegree,0,54f9fd516dd6bda7be62f0c16561e9f6c0fe5841c8997a04b3cc0ffc1a5dc5da,629,26,603,0.8811816665933179,0.04755412981558076,0.8336275367777372,
SIM-Semi,43,indegree,1-2,54f9fd516dd6bda7be62f0c16561e9f6c0fe5841c8997a04b3cc0ffc1a5dc5da,272,29,243,0.597717105793599,0.12253578627817978,0.47518131951541925,
SIM-Semi,43,indegree,3-5,54f9fd516dd6bda7be62f0c16561e9f6c0fe5841c8997a04b3cc0ffc1a5dc5da,544,89,455,0.5283839357511976,0.17841204123335952,0.34997189451783806,
SIM-Semi,43,indegree,6+,54f9fd516dd6bda7be62f0c16561e9f6c0fe5841c8997a04b3cc0ffc1a5dc5da,459,155,304,0.572669755118037,0.41591863839805415,0.15675111671998282,
SIM-Semi,71,age,"(0, 7] d",54f9fd516dd6bda7be62f0c16561e9f6c0fe5841c8997a04b3cc0ffc1a5dc5da,701,144,557,0.6933958451420758,0.35061757251400644,0.3427782726280693,
SIM-Semi,71,age,"(7, 14] d",54f9fd516dd6bda7be62f0c16561e9f6c0fe5841c8997a04b3cc0ffc1a5dc5da,0,0,0,,,,support_below_20
SIM-Semi,71,age,"(14, 30] d",54f9fd516dd6bda7be62f0c16561e9f6c0fe5841c8997a04b3cc0ffc1a5dc5da,0,0,0,,,,support_below_20
SIM-Semi,71,age,>30 d,54f9fd516dd6bda7be62f0c16561e9f6c0fe5841c8997a04b3cc0ffc1a5dc5da,0,0,0,,,,support_below_20
SIM-Semi,71,age,No context,54f9fd516dd6bda7be62f0c16561e9f6c0fe5841c8997a04b3cc0ffc1a5dc5da,1203,155,1048,0.5232415447432333,0.34665226981375175,0.1765892749294815,
SIM-Semi,71,confidence,0.55,54f9fd516dd6bda7be62f0c16561e9f6c0fe5841c8997a04b3cc0ffc1a5dc5da,662,108,554,0.4981753661040475,0.38182935376561555,0.11634601233843195,
SIM-Semi,71,confidence,0.80,54f9fd516dd6bda7be62f0c16561e9f6c0fe5841c8997a04b3cc0ffc1a5dc5da,0,0,0,,,,support_below_20
SIM-Semi,71,confidence,0.90,54f9fd516dd6bda7be62f0c16561e9f6c0fe5841c8997a04b3cc0ffc1a5dc5da,39,36,3,0.9462650336195483,0.9392345002604232,0.0070305333591250685,
SIM-Semi,71,confidence,Other,54f9fd516dd6bda7be62f0c16561e9f6c0fe5841c8997a04b3cc0ffc1a5dc5da,0,0,0,,,,support_below_20
SIM-Semi,71,confidence,No context,54f9fd516dd6bda7be62f0c16561e9f6c0fe5841c8997a04b3cc0ffc1a5dc5da,1203,155,1048,0.5232415447432333,0.34665226981375175,0.1765892749294815,
SIM-Semi,71,indegree,0,54f9fd516dd6bda7be62f0c16561e9f6c0fe5841c8997a04b3cc0ffc1a5dc5da,629,26,603,0.8658099502459632,0.0450188489202113,0.8207911013257518,
SIM-Semi,71,indegree,1-2,54f9fd516dd6bda7be62f0c16561e9f6c0fe5841c8997a04b3cc0ffc1a5dc5da,272,29,243,0.5861389615065747,0.12660334650699762,0.4595356149995771,
SIM-Semi,71,indegree,3-5,54f9fd516dd6bda7be62f0c16561e9f6c0fe5841c8997a04b3cc0ffc1a5dc5da,544,89,455,0.5456172948373765,0.17274256114797631,0.3728747336894002,
SIM-Semi,71,indegree,6+,54f9fd516dd6bda7be62f0c16561e9f6c0fe5841c8997a04b3cc0ffc1a5dc5da,459,155,304,0.5652955303232339,0.42769471816777166,0.13760081215546222,
SIM-Semi,101,age,"(0, 7] d",54f9fd516dd6bda7be62f0c16561e9f6c0fe5841c8997a04b3cc0ffc1a5dc5da,701,144,557,0.6922742824244552,0.36957943839289464,0.32269484403156057,
SIM-Semi,101,age,"(7, 14] d",54f9fd516dd6bda7be62f0c16561e9f6c0fe5841c8997a04b3cc0ffc1a5dc5da,0,0,0,,,,support_below_20
SIM-Semi,101,age,"(14, 30] d",54f9fd516dd6bda7be62f0c16561e9f6c0fe5841c8997a04b3cc0ffc1a5dc5da,0,0,0,,,,support_below_20
SIM-Semi,101,age,>30 d,54f9fd516dd6bda7be62f0c16561e9f6c0fe5841c8997a04b3cc0ffc1a5dc5da,0,0,0,,,,support_below_20
SIM-Semi,101,age,No context,54f9fd516dd6bda7be62f0c16561e9f6c0fe5841c8997a04b3cc0ffc1a5dc5da,1203,155,1048,0.5155791895241852,0.35030622124446165,0.1652729682797236,
SIM-Semi,101,confidence,0.55,54f9fd516dd6bda7be62f0c16561e9f6c0fe5841c8997a04b3cc0ffc1a5dc5da,662,108,554,0.5095613934300981,0.4064313672853962,0.1031300261447019,
SIM-Semi,101,confidence,0.80,54f9fd516dd6bda7be62f0c16561e9f6c0fe5841c8997a04b3cc0ffc1a5dc5da,0,0,0,,,,support_below_20
SIM-Semi,101,confidence,0.90,54f9fd516dd6bda7be62f0c16561e9f6c0fe5841c8997a04b3cc0ffc1a5dc5da,39,36,3,0.9253479087364835,0.9374702093519627,-0.012122300615479142,
SIM-Semi,101,confidence,Other,54f9fd516dd6bda7be62f0c16561e9f6c0fe5841c8997a04b3cc0ffc1a5dc5da,0,0,0,,,,support_below_20
SIM-Semi,101,confidence,No context,54f9fd516dd6bda7be62f0c16561e9f6c0fe5841c8997a04b3cc0ffc1a5dc5da,1203,155,1048,0.5155791895241852,0.35030622124446165,0.1652729682797236,
SIM-Semi,101,indegree,0,54f9fd516dd6bda7be62f0c16561e9f6c0fe5841c8997a04b3cc0ffc1a5dc5da,629,26,603,0.8417479586895362,0.04654587050023244,0.7952020881893038,
SIM-Semi,101,indegree,1-2,54f9fd516dd6bda7be62f0c16561e9f6c0fe5841c8997a04b3cc0ffc1a5dc5da,272,29,243,0.5898165645917487,0.13621901819163482,0.45359754640011385,
SIM-Semi,101,indegree,3-5,54f9fd516dd6bda7be62f0c16561e9f6c0fe5841c8997a04b3cc0ffc1a5dc5da,544,89,455,0.5249446206154981,0.17330809554325244,0.35163652507224563,
SIM-Semi,101,indegree,6+,54f9fd516dd6bda7be62f0c16561e9f6c0fe5841c8997a04b3cc0ffc1a5dc5da,459,155,304,0.5796112042663083,0.4434710738769793,0.13614013038932898,
