dataset,figure,metric,method,n,mean,std,min,max
ICKG-Weak,node_comparison,node.auprc,full,5,0.02753953578980293,0.008567564171652916,0.01859946803984084,0.03913684404307038
ICKG-Weak,node_comparison,node.auprc,text_mlp,5,0.04475731021384435,0.016330185099600842,0.029581329656372606,0.06347709765665356
ICKG-Weak,node_comparison,node.auprc,graph_only,5,0.04704535568170911,0.0033871425992720748,0.04378050212453322,0.051313594781709104
ICKG-Weak,node_comparison,node.auprc,concat,5,0.04001341367187049,0.015929337295272003,0.02084176097556527,0.05824883202629591
ICKG-Weak,node_comparison,node.auprc,no_stm,5,0.044559686282617486,0.0009890027549793409,0.043102035257812456,0.045680295305728515
ICKG-Weak,node_comparison,node.auprc,no_ltm,5,0.028813262675913776,0.012524882764700346,0.012362675416079568,0.043574793389389
ICKG-Weak,node_comparison,node.auprc,no_time,5,0.02729865224982466,0.008646503144884507,0.01806990976020048,0.038727055236056976
ICKG-Weak,node_comparison,node.auprc,no_resgate,5,0.026524848383805914,0.007921557448728245,0.01743767430654762,0.034859336556750255
ICKG-Weak,node_comparison,node.auprc,no_overload,5,0.026778194360536488,0.008373756211096352,0.017185345101008838,0.036303718741243135
ICKG-Weak,node_comparison,node.auprc,avg_fusion,5,0.030977577007272643,0.004997756308991946,0.027337988732775046,0.03967054146402621
ICKG-Weak,node_comparison,node.auprc,scalar_gate,5,0.04400746425106959,0.014997443782178209,0.019134490040614623,0.05700857869418055
ICKG-Weak,node_comparison,node.auprc,no_align,5,0.02851025615317062,0.006472336102533234,0.02109790789982831,0.036657701849348356
ICKG-Weak,node_comparison,node.auprc,no_path,5,0.02753953578980293,0.008567564171652916,0.01859946803984084,0.03913684404307038
ICKG-Weak,node_comparison,node.macro_f1,full,5,0.50653199650338,0.005296869939890595,0.500828320206674,0.5122158198219114
ICKG-Weak,node_comparison,node.macro_f1,text_mlp,5,0.5374664734636874,0.02250677635933907,0.5146859106857673,0.5671018289399554
ICKG-Weak,node_comparison,node.macro_f1,graph_only,5,0.5631639704206963,0.00024891851753678463,0.5629821860379821,0.5634366469947676
ICKG-Weak,node_comparison,node.macro_f1,concat,5,0.5263784399539121,0.024916528613410458,0.5046577466597068,0.5630132492128591
ICKG-Weak,node_comparison,node.macro_f1,no_stm,5,0.555454032170274,0.01683346379327334,0.5253414166994415,0.5629821860379821
ICKG-Weak,node_comparison,node.macro_f1,no_ltm,5,0.5229701104212839,0.016352766760771388,0.5011796836957921,0.5470524431242321
ICKG-Weak,node_comparison,node.macro_f1,no_time,5,0.5096881184281911,0.0028910073225216367,0.5051085958316934,0.512620203791505
ICKG-Weak,node_comparison,node.macro_f1,no_resgate,5,0.5064676287855363,0.004464160973939406,0.4999861829342658,0.5109754336497712
ICKG-Weak,node_comparison,node.macro_f1,no_overload,5,0.5061963634420381,0.004302472163612277,0.4998950707662274,0.5109754336497712
ICKG-Weak,node_comparison,node.macro_f1,avg_fusion,5,0.5097556536597245,0.010585160486335855,0.49403973509933774,0.5209688505476002
ICKG-Weak,node_comparison,node.macro_f1,scalar_gate,5,0.5305642569715896,0.01825773621111189,0.49841787062613746,0.5411380660659787
ICKG-Weak,node_comparison,node.macro_f1,no_align,5,0.5153298753297725,0.007584044589033092,0.5084442708701198,0.5265268954184088
ICKG-Weak,node_comparison,node.macro_f1,no_path,5,0.50653199650338,0.005296869939890595,0.500828320206674,0.5122158198219114
ICKG-Weak,paper_ablation,node.auprc,full,5,0.02753953578980293,0.008567564171652916,0.01859946803984084,0.03913684404307038
ICKG-Weak,paper_ablation,node.auprc,no_stm,5,0.044559686282617486,0.0009890027549793409,0.043102035257812456,0.045680295305728515
ICKG-Weak,paper_ablation,node.auprc,no_ltm,5,0.028813262675913776,0.012524882764700346,0.012362675416079568,0.043574793389389
ICKG-Weak,paper_ablation,node.auprc,no_time,5,0.02729865224982466,0.008646503144884507,0.01806990976020048,0.038727055236056976
ICKG-Weak,paper_ablation,node.auprc,no_resgate,5,0.026524848383805914,0.007921557448728245,0.01743767430654762,0.034859336556750255
ICKG-Weak,paper_ablation,node.auprc,no_overload,5,0.026778194360536488,0.008373756211096352,0.017185345101008838,0.036303718741243135
ICKG-Weak,paper_ablation,node.auprc,avg_fusion,5,0.030977577007272643,0.004997756308991946,0.027337988732775046,0.03967054146402621
ICKG-Weak,paper_ablation,node.auprc,scalar_gate,5,0.04400746425106959,0.014997443782178209,0.019134490040614623,0.05700857869418055
ICKG-Weak,paper_ablation,scope.recall_at_k,full,5,0.06595959595959595,0.012877069128744428,0.05519351338316855,0.08722436567264152
ICKG-Weak,paper_ablation,scope.recall_at_k,no_stm,5,0.11715657905313077,0.0005767956609431021,0.1161247756075342,0.1174145299145299
ICKG-Weak,paper_ablation,scope.recall_at_k,no_ltm,5,0.15576494386839218,0.10027676357643361,0.007204002893658066,0.24735451330278915
ICKG-Weak,paper_ablation,scope.recall_at_k,no_time,5,0.06465061758165205,0.014367280257611068,0.05327780457090801,0.08879176379176379
ICKG-Weak,paper_ablation,scope.recall_at_k,no_resgate,5,0.0668007662835249,0.01224437395076051,0.05635365592262143,0.08722436567264152
ICKG-Weak,paper_ablation,scope.recall_at_k,no_overload,5,0.06471090212469521,0.013104141393189822,0.05591022961712617,0.08722436567264152
ICKG-Weak,paper_ablation,scope.recall_at_k,avg_fusion,5,0.06688784395680947,0.018055873202141,0.05213373790959998,0.09753000830587037
ICKG-Weak,paper_ablation,scope.recall_at_k,scalar_gate,5,0.14309346783484717,0.0514348786105057,0.06431489965972725,0.18923485518313107
ICKG-Weak,path_scope,scope.ndcg_at_k,full,5,0.04870542047754536,0.007305982344437446,0.04080896615782366,0.059498759700986385
ICKG-Weak,path_scope,scope.ndcg_at_k,text_mlp,5,0.1386558635565311,0.04184884735148792,0.09095158873948131,0.1996728256073227
ICKG-Weak,path_scope,scope.ndcg_at_k,graph_only,5,0.13156739137549348,0.0,0.13156739137549348,0.13156739137549348
ICKG-Weak,path_scope,scope.ndcg_at_k,concat,5,0.09148852631294466,0.04704326859172616,0.04830530416739141,0.16040447168573302
ICKG-Weak,path_scope,scope.ndcg_at_k,no_stm,5,0.12958926841788113,0.005861096443758715,0.11915963081164573,0.132542863023415
ICKG-Weak,path_scope,scope.ndcg_at_k,no_ltm,5,0.097381035068491,0.05658264225470194,0.006858232294577699,0.14193988281161674
ICKG-Weak,path_scope,scope.ndcg_at_k,no_time,5,0.04687580860104996,0.004962168268573539,0.041261251359859384,0.054882917894987344
ICKG-Weak,path_scope,scope.ndcg_at_k,no_resgate,5,0.04724621311682593,0.006817466758441283,0.04103760706769276,0.05822109578136593
ICKG-Weak,path_scope,scope.ndcg_at_k,no_overload,5,0.047195557298984246,0.006006010702861414,0.04103760706769276,0.056902637043977675
ICKG-Weak,path_scope,scope.ndcg_at_k,avg_fusion,5,0.048194889176289654,0.010235855599434629,0.03740806178710017,0.06070154355608996
ICKG-Weak,path_scope,scope.ndcg_at_k,scalar_gate,5,0.09642951528682435,0.030208972205771005,0.05111375073567276,0.12110102527764757
ICKG-Weak,path_scope,scope.ndcg_at_k,no_align,5,0.05791509532082044,0.014714694990515148,0.04346673597225764,0.07936929572304727
ICKG-Weak,path_scope,scope.ndcg_at_k,no_path,5,0.04870542047754536,0.007305982344437446,0.04080896615782366,0.059498759700986385
SIM-Auto,node_comparison,node.auprc,full,5,0.35710283338798054,0.01223462618322423,0.3412641956122916,0.37502859104473657
SIM-Auto,node_comparison,node.auprc,text_mlp,5,0.26703096965926887,0.003167928101451067,0.2624604946572278,0.2702332624121536
SIM-Auto,node_comparison,node.auprc,graph_only,5,0.17226152823316104,0.004642855825937315,0.16728633309959934,0.17726671154974116
SIM-Auto,node_comparison,node.auprc,concat,5,0.3307072542635857,0.005983725289018284,0.3224599255223346,0.33773310534856255
SIM-Auto,node_comparison,node.auprc,no_stm,5,0.17242630627561517,0.0029503929200090373,0.1685006418523678,0.17520112258442105
SIM-Auto,node_comparison,node.auprc,no_ltm,5,0.400298072359337,0.006334404781113686,0.3907265189791985,0.406249105127255
SIM-Auto,node_comparison,node.auprc,no_time,5,0.36752664624116405,0.008809517668550999,0.351868028925207,0.3723539298730074
SIM-Auto,node_comparison,node.auprc,no_resgate,5,0.3988131614526832,0.005916271885455024,0.39084490317105425,0.4035309871268631
SIM-Auto,node_comparison,node.auprc,no_overload,5,0.3357192983618008,0.01776769414400238,0.3147662821258665,0.362214132314186
SIM-Auto,node_comparison,node.auprc,avg_fusion,5,0.3642364076537591,0.016359276913137214,0.34697317663337035,0.3844065178829042
SIM-Auto,node_comparison,node.auprc,scalar_gate,5,0.3713848345926854,0.014238345707119581,0.3478106030279773,0.3838871097829827
SIM-Auto,node_comparison,node.auprc,no_align,5,0.3620757908338333,0.026856455826785083,0.33124644169454837,0.40002885061140797
SIM-Auto,node_comparison,node.auprc,no_path,5,0.370587364775935,0.010205941156937341,0.3527295531795889,0.3778605715153145
SIM-Auto,node_comparison,node.macro_f1,full,5,0.6698971508348649,0.007528403110180793,0.659281937888903,0.6772383049573016
SIM-Auto,node_comparison,node.macro_f1,text_mlp,5,0.6309131441188496,0.005997181536730734,0.6250176867626531,0.6373910360256114
SIM-Auto,node_comparison,node.macro_f1,graph_only,5,0.5874856593972186,0.005139907866515515,0.583428560538202,0.5958928468995583
SIM-Auto,node_comparison,node.macro_f1,concat,5,0.6348691190390437,0.004443069974003404,0.6299319727891156,0.6406679704336633
SIM-Auto,node_comparison,node.macro_f1,no_stm,5,0.5837370548207412,0.0006898141864275438,0.583428560538202,0.5849710319508977
SIM-Auto,node_comparison,node.macro_f1,no_ltm,5,0.6829468125809726,0.005962800142380487,0.6755381433001624,0.6904628860530091
SIM-Auto,node_comparison,node.macro_f1,no_time,5,0.6727225690432841,0.01328618714302649,0.6517174105823234,0.688455668980809
SIM-Auto,node_comparison,node.macro_f1,no_resgate,5,0.6905788628278725,0.006301232211589455,0.6801881246325691,0.6969514121663194
SIM-Auto,node_comparison,node.macro_f1,no_overload,5,0.6377106114066791,0.011930183398608202,0.6199455059090986,0.650400418073191
SIM-Auto,node_comparison,node.macro_f1,avg_fusion,5,0.6721900712618775,0.006844057494466229,0.6644975226821361,0.6799129590522208
SIM-Auto,node_comparison,node.macro_f1,scalar_gate,5,0.6719938568981066,0.010586715969880797,0.6553751343023373,0.681659134235846
SIM-Auto,node_comparison,node.macro_f1,no_align,5,0.6786753155019426,0.011694609769945154,0.6639365233584325,0.6908491240808449
SIM-Auto,node_comparison,node.macro_f1,no_path,5,0.6766757980560303,0.012429155825902616,0.6642430819316332,0.6901521010569734
SIM-Auto,paper_ablation,node.auprc,full,5,0.35710283338798054,0.01223462618322423,0.3412641956122916,0.37502859104473657
SIM-Auto,paper_ablation,node.auprc,no_stm,5,0.17242630627561517,0.0029503929200090373,0.1685006418523678,0.17520112258442105
SIM-Auto,paper_ablation,node.auprc,no_ltm,5,0.400298072359337,0.006334404781113686,0.3907265189791985,0.406249105127255
SIM-Auto,paper_ablation,node.auprc,no_time,5,0.36752664624116405,0.008809517668550999,0.351868028925207,0.3723539298730074
SIM-Auto,paper_ablation,node.auprc,no_resgate,5,0.3988131614526832,0.005916271885455024,0.39084490317105425,0.4035309871268631
SIM-Auto,paper_ablation,node.auprc,no_overload,5,0.3357192983618008,0.01776769414400238,0.3147662821258665,0.362214132314186
SIM-Auto,paper_ablation,node.auprc,avg_fusion,5,0.3642364076537591,0.016359276913137214,0.34697317663337035,0.3844065178829042
SIM-Auto,paper_ablation,node.auprc,scalar_gate,5,0.3713848345926854,0.014238345707119581,0.3478106030279773,0.3838871097829827
SIM-Auto,paper_ablation,scope.recall_at_k,full,5,0.4572005119063943,0.015619204605108555,0.43322478175419354,0.4706430824077884
SIM-Auto,paper_ablation,scope.recall_at_k,no_stm,5,0.23570775629599156,0.013884082213233987,0.2294986059691942,0.2605443576031811
SIM-Auto,paper_ablation,scope.recall_at_k,no_ltm,5,0.520164541341012,0.028633138326602744,0.4793717720188309,0.5546037296037296
SIM-Auto,paper_ablation,scope.recall_at_k,no_time,5,0.4661796700031994,0.01590611867101554,0.44417249417249416,0.4871017871017872
SIM-Auto,paper_ablation,scope.recall_at_k,no_resgate,5,0.4781916449563509,0.017534913877111473,0.45540244069655833,0.5038815759403995
SIM-Auto,paper_ablation,scope.recall_at_k,no_overload,5,0.41273092920151744,0.021766920238191413,0.37722359340006395,0.43621623474564647
SIM-Auto,paper_ablation,scope.recall_at_k,avg_fusion,5,0.45700009141185605,0.022920094971219187,0.4272978655331596,0.49091023355729246
SIM-Auto,paper_ablation,scope.recall_at_k,scalar_gate,5,0.46198637963343847,0.02853562063092316,0.42930892636774987,0.49580648110059883
SIM-Auto,path_scope,scope.ndcg_at_k,full,5,0.5007046850680655,0.010870483128011657,0.48291775306155627,0.5101887687853544
SIM-Auto,path_scope,scope.ndcg_at_k,text_mlp,5,0.4396614679003455,0.008230854228730863,0.4312183978233613,0.4491040392086021
SIM-Auto,path_scope,scope.ndcg_at_k,graph_only,5,0.2632818487407784,0.01355821278273268,0.24840280173428736,0.278910947395307
SIM-Auto,path_scope,scope.ndcg_at_k,concat,5,0.47735076477892074,0.007540536190878837,0.4682792304345758,0.48873803906072244
SIM-Auto,path_scope,scope.ndcg_at_k,no_stm,5,0.25927751010322825,0.011718679897820012,0.2515776585745237,0.2796942587694708
SIM-Auto,path_scope,scope.ndcg_at_k,no_ltm,5,0.5558163555044995,0.01295519694704733,0.5346262883739006,0.5649339026118851
SIM-Auto,path_scope,scope.ndcg_at_k,no_time,5,0.5090010580904638,0.014383736262691195,0.491143861574583,0.5240145567377291
SIM-Auto,path_scope,scope.ndcg_at_k,no_resgate,5,0.5306600942520396,0.012253301987255624,0.5162673120669975,0.5460370687879241
SIM-Auto,path_scope,scope.ndcg_at_k,no_overload,5,0.48193342301870323,0.021995683564697614,0.44781125184389575,0.5077295867742574
SIM-Auto,path_scope,scope.ndcg_at_k,avg_fusion,5,0.5075232614029064,0.018594069119240914,0.4926390425445156,0.5373415283334857
SIM-Auto,path_scope,scope.ndcg_at_k,scalar_gate,5,0.5021672483793312,0.02023666095614132,0.47628928077860877,0.5307347344617566
SIM-Auto,path_scope,scope.ndcg_at_k,no_align,5,0.5120888016680899,0.020714628182728935,0.4952834560722791,0.5475364431512139
SIM-Auto,path_scope,scope.ndcg_at_k,no_path,5,0.5241916496398749,0.01983917459831008,0.5085866152080376,0.5490744613964743
SIM-Auto,path_scope,path.path_f1,full,5,0.2156858543061262,0.010199217847229823,0.20441083397739743,0.22809890824091927
SIM-Auto,path_scope,path.path_f1,text_mlp,5,0.29014116545076296,0.002192223507352727,0.286219596823312,0.2911215576076257
SIM-Auto,path_scope,path.path_f1,graph_only,5,0.30139041156069013,0.0016161179260810292,0.2989305185125618,0.30249558090115364
SIM-Auto,path_scope,path.path_f1,concat,5,0.29375608510283435,0.002516335538540686,0.29213143524289037,0.2980137881840668
SIM-Auto,path_scope,path.path_f1,no_stm,5,0.24609855744530665,0.0033000955686326152,0.2429052801343823,0.2507484173892842
SIM-Auto,path_scope,path.path_f1,no_ltm,5,0.24861299862847855,0.00594820017990063,0.23982992984540974,0.25592081064217287
SIM-Auto,path_scope,path.path_f1,no_time,5,0.22438862145417535,0.008407451535504658,0.21743604406143108,0.23625448052692632
SIM-Auto,path_scope,path.path_f1,no_resgate,5,0.24912306017569175,0.011435264794873239,0.2352920328152526,0.2608614525023194
SIM-Auto,path_scope,path.path_f1,no_overload,5,0.25748299000620983,0.01700622687221227,0.23181892640096977,0.2773618910615815
SIM-Auto,path_scope,path.path_f1,avg_fusion,5,0.2085596045967563,0.008090169805993393,0.19768814490176717,0.22018269827867354
SIM-Auto,path_scope,path.path_f1,scalar_gate,5,0.21657976479082955,0.010779736335255896,0.20826237459364394,0.2354744847341428
SIM-Auto,path_scope,path.path_f1,no_align,5,0.21271544875260046,0.010789751285288288,0.20406069392137502,0.2293917354288871
SIM-Auto,path_scope,path.path_f1,no_path,5,0.23510252419392277,0.007141853498623591,0.22589337956480235,0.24188925159782607
SIM-Energy,node_comparison,node.auprc,full,5,0.27127225065182387,0.009458546482321495,0.2612959785634312,0.2819099917430571
SIM-Energy,node_comparison,node.auprc,text_mlp,5,0.21711243103033778,0.002387899593383719,0.2138100870817608,0.22001162650645922
SIM-Energy,node_comparison,node.auprc,graph_only,5,0.12014326843890996,0.012269895930438991,0.11032236754631794,0.13720662396141942
SIM-Energy,node_comparison,node.auprc,concat,5,0.2597980651752706,0.002230926997947582,0.25723640517196433,0.26291396647209364
SIM-Energy,node_comparison,node.auprc,no_stm,5,0.11770848225980637,0.007283346289255559,0.11057158294783381,0.12796881691233153
SIM-Energy,node_comparison,node.auprc,no_ltm,5,0.31173843773474885,0.010475042948259884,0.3002968573848962,0.32306306820923575
SIM-Energy,node_comparison,node.auprc,no_time,5,0.273145631288549,0.007011170252256039,0.26239094595001133,0.27979886084575306
SIM-Energy,node_comparison,node.auprc,no_resgate,5,0.28025536583503613,0.011297451744945728,0.2659152237408687,0.2921907579288255
SIM-Energy,node_comparison,node.auprc,no_overload,5,0.26558182200017383,0.005916727438692482,0.2577963163438575,0.2716460228829586
SIM-Energy,node_comparison,node.auprc,avg_fusion,5,0.27944760864304763,0.05054840105377167,0.23170229485271987,0.3635276240928096
SIM-Energy,node_comparison,node.auprc,scalar_gate,5,0.292299490993175,0.013352277025986762,0.27561840099725365,0.31175439092314094
SIM-Energy,node_comparison,node.auprc,no_align,5,0.27327895322855167,0.005237336624203371,0.2660890571103864,0.2808704247972398
SIM-Energy,node_comparison,node.auprc,no_path,5,0.2689836328794216,0.00669261776938145,0.26214493068364225,0.2762445466639681
SIM-Energy,node_comparison,node.macro_f1,full,5,0.5918359299418585,0.010807581833209325,0.5765914948197741,0.6028608112430067
SIM-Energy,node_comparison,node.macro_f1,text_mlp,5,0.6053429241917752,0.007867574351450822,0.59688506910674,0.6152129512179391
SIM-Energy,node_comparison,node.macro_f1,graph_only,5,0.5443845133125818,0.008898577913344545,0.5284662532187285,0.5483640783360452
SIM-Energy,node_comparison,node.macro_f1,concat,5,0.5927985258699776,0.00874554765421574,0.5840352657309726,0.6049052274586699
SIM-Energy,node_comparison,node.macro_f1,no_stm,5,0.5443845133125818,0.008898577913344545,0.5284662532187285,0.5483640783360452
SIM-Energy,node_comparison,node.macro_f1,no_ltm,5,0.6166010570445899,0.019300962567748416,0.5957663669267081,0.6352717391967457
SIM-Energy,node_comparison,node.macro_f1,no_time,5,0.5921737868571741,0.0134588749642724,0.5755366161616162,0.6111176935897566
SIM-Energy,node_comparison,node.macro_f1,no_resgate,5,0.5911269494124338,0.009325461908200931,0.5771227671790888,0.6002597989684872
SIM-Energy,node_comparison,node.macro_f1,no_overload,5,0.5901269630329107,0.0066612747803561434,0.5842334532816165,0.5978738508401973
SIM-Energy,node_comparison,node.macro_f1,avg_fusion,5,0.5973820193068162,0.015657287578532547,0.5810596725928534,0.6234753857175065
SIM-Energy,node_comparison,node.macro_f1,scalar_gate,5,0.6090069850965215,0.00834448362755423,0.5950403079796459,0.6174953597554318
SIM-Energy,node_comparison,node.macro_f1,no_align,5,0.592417897594106,0.01076921118872455,0.5782243045617612,0.6052055544154866
SIM-Energy,node_comparison,node.macro_f1,no_path,5,0.5929530041816361,0.0126549291078073,0.5755366161616162,0.6079526880442212
SIM-Energy,paper_ablation,node.auprc,full,5,0.27127225065182387,0.009458546482321495,0.2612959785634312,0.2819099917430571
SIM-Energy,paper_ablation,node.auprc,no_stm,5,0.11770848225980637,0.007283346289255559,0.11057158294783381,0.12796881691233153
SIM-Energy,paper_ablation,node.auprc,no_ltm,5,0.31173843773474885,0.010475042948259884,0.3002968573848962,0.32306306820923575
SIM-Energy,paper_ablation,node.auprc,no_time,5,0.273145631288549,0.007011170252256039,0.26239094595001133,0.27979886084575306
SIM-Energy,paper_ablation,node.auprc,no_resgate,5,0.28025536583503613,0.011297451744945728,0.2659152237408687,0.2921907579288255
SIM-Energy,paper_ablation,node.auprc,no_overload,5,0.26558182200017383,0.005916727438692482,0.2577963163438575,0.2716460228829586
SIM-Energy,paper_ablation,node.auprc,avg_fusion,5,0.27944760864304763,0.05054840105377167,0.23170229485271987,0.3635276240928096
SIM-Energy,paper_ablation,node.auprc,scalar_gate,5,0.292299490993175,0.013352277025986762,0.27561840099725365,0.31175439092314094
SIM-Energy,paper_ablation,scope.recall_at_k,full,5,0.3553471106310863,0.019683187333999083,0.3360563033991026,0.387867482416164
SIM-Energy,paper_ablation,scope.recall_at_k,no_stm,5,0.20542019001958148,0.0150242109844582,0.18822958650544858,0.22972118314410406
SIM-Energy,paper_ablation,scope.recall_at_k,no_ltm,5,0.4016895629725245,0.006449957311756397,0.39472781275519614,0.4072302275142032
SIM-Energy,paper_ablation,scope.recall_at_k,no_time,5,0.3574592564298447,0.02784402367814786,0.3360563033991026,0.403843418245041
SIM-Energy,paper_ablation,scope.recall_at_k,no_resgate,5,0.3514998726763433,0.014548991051488143,0.3323798328108673,0.36968171281051604
SIM-Energy,paper_ablation,scope.recall_at_k,no_overload,5,0.3402388855228612,0.00876835532822957,0.3323798328108673,0.35426358631226784
SIM-Energy,paper_ablation,scope.recall_at_k,avg_fusion,5,0.36140260179306827,0.0557233626724756,0.31252689163439673,0.4563850618617353
SIM-Energy,paper_ablation,scope.recall_at_k,scalar_gate,5,0.37155984650913665,0.019867781918025625,0.3464880623095633,0.3990090707129247
SIM-Energy,path_scope,scope.ndcg_at_k,full,5,0.3897393797457158,0.018425987983277273,0.3701759708221015,0.4151791759524979
SIM-Energy,path_scope,scope.ndcg_at_k,text_mlp,5,0.34875086818786916,0.005402412303288983,0.34221301186869907,0.35653780575516897
SIM-Energy,path_scope,scope.ndcg_at_k,graph_only,5,0.1983216938192219,0.026915188701002138,0.17591627259123868,0.24162676978023387
SIM-Energy,path_scope,scope.ndcg_at_k,concat,5,0.37354551370651073,0.01799763981541891,0.35742236856087894,0.4009049132177618
SIM-Energy,path_scope,scope.ndcg_at_k,no_stm,5,0.18354321940500845,0.021222562840041894,0.16551564666419227,0.21713556667602368
SIM-Energy,path_scope,scope.ndcg_at_k,no_ltm,5,0.41304700393009286,0.004908601869995793,0.40929390627350387,0.42160265148615156
SIM-Energy,path_scope,scope.ndcg_at_k,no_time,5,0.39250278399542415,0.017233077873961007,0.3706431589237837,0.4163937726547211
SIM-Energy,path_scope,scope.ndcg_at_k,no_resgate,5,0.39069205674443913,0.014940545332066428,0.3648117591967835,0.4015440188447988
SIM-Energy,path_scope,scope.ndcg_at_k,no_overload,5,0.3807802667663994,0.014076414746096319,0.363508550856894,0.3987292518569316
SIM-Energy,path_scope,scope.ndcg_at_k,avg_fusion,5,0.39088387107624495,0.053864911615214194,0.3393852403390483,0.48158201982460347
SIM-Energy,path_scope,scope.ndcg_at_k,scalar_gate,5,0.404467618982906,0.016374502085521627,0.38774931656091205,0.4315834117723992
SIM-Energy,path_scope,scope.ndcg_at_k,no_align,5,0.39236415305813355,0.019399883947448484,0.3691315801941968,0.4137653097530581
SIM-Energy,path_scope,scope.ndcg_at_k,no_path,5,0.3813524567611501,0.015713994530780213,0.3640529267667812,0.4053786327591275
SIM-Energy,path_scope,path.path_f1,full,5,0.2577093599278043,0.013011540008845588,0.2396990342288973,0.2680573579505428
SIM-Energy,path_scope,path.path_f1,text_mlp,5,0.254725178019747,0.002104534567058623,0.25378400154915876,0.2584898839020999
SIM-Energy,path_scope,path.path_f1,graph_only,5,0.25996047213739404,0.003288335261029091,0.2584898839020999,0.2658428250785705
SIM-Energy,path_scope,path.path_f1,concat,5,0.25268596233347246,0.0014163189070416395,0.25113694272562936,0.25378400154915876
SIM-Energy,path_scope,path.path_f1,no_stm,5,0.24361810005182952,0.011502614591917735,0.22754681613790984,0.2544049165818385
SIM-Energy,path_scope,path.path_f1,no_ltm,5,0.22075051705561707,0.020796164082184414,0.2025561293261007,0.24777255349167487
SIM-Energy,path_scope,path.path_f1,no_time,5,0.25542797985659427,0.01653130698363441,0.23031058831344678,0.27147939343140187
SIM-Energy,path_scope,path.path_f1,no_resgate,5,0.24648724516544585,0.009509134809211135,0.23635938464357298,0.2606250516947072
SIM-Energy,path_scope,path.path_f1,no_overload,5,0.254513601488026,0.010942544583930427,0.23635938464357298,0.2636697478340325
SIM-Energy,path_scope,path.path_f1,avg_fusion,5,0.24398236920126495,0.019625618523223615,0.22156003174733427,0.27147939343140187
SIM-Energy,path_scope,path.path_f1,scalar_gate,5,0.2539004856534569,0.01446695807589835,0.23355465831996597,0.27147939343140187
SIM-Energy,path_scope,path.path_f1,no_align,5,0.25442562529157986,0.00986284299231518,0.24013156018045442,0.2662272925910657
SIM-Energy,path_scope,path.path_f1,no_path,5,0.24824623657104472,0.012172973737399466,0.23635938464357298,0.2624551170541843
SIM-Semi,node_comparison,node.auprc,full,5,0.6125813906898961,0.004308617356323583,0.6095128805696746,0.6201406329689345
SIM-Semi,node_comparison,node.auprc,text_mlp,5,0.35910007346629924,0.004393090885802448,0.35150130242452615,0.36221531664897766
SIM-Semi,node_comparison,node.auprc,graph_only,5,0.34048633966102215,0.00583641448351526,0.3342165606836656,0.3495914670666387
SIM-Semi,node_comparison,node.auprc,concat,5,0.4845706673838304,0.001254143293108483,0.48337932650307397,0.4864537122263567
SIM-Semi,node_comparison,node.auprc,no_stm,5,0.3402641937748825,0.006081949862113855,0.3325809283229555,0.34854311275776756
SIM-Semi,node_comparison,node.auprc,no_ltm,5,0.6076367156454608,0.0012363092531081585,0.6066347885839655,0.6097753476098533
SIM-Semi,node_comparison,node.auprc,no_time,5,0.6104481700406129,0.006465572870690246,0.5996248003013591,0.6150740057721922
SIM-Semi,node_comparison,node.auprc,no_resgate,5,0.6059265264668726,0.003542596802649612,0.6004634572365382,0.609577773498253
SIM-Semi,node_comparison,node.auprc,no_overload,5,0.501813885723779,0.006744258520961634,0.4940253622088848,0.5114699817233783
SIM-Semi,node_comparison,node.auprc,avg_fusion,5,0.6111751760444418,0.005305375191923504,0.6040046208573028,0.6176510216475265
SIM-Semi,node_comparison,node.auprc,scalar_gate,5,0.6085242645156688,0.007615258388451989,0.6020446753742116,0.6216407370127648
SIM-Semi,node_comparison,node.auprc,no_align,5,0.6062089018824433,0.005504366515008472,0.601056054915535,0.6142540086064909
SIM-Semi,node_comparison,node.auprc,no_path,5,0.6079172822785189,0.003689760567885098,0.6046503009332991,0.61353945397861
SIM-Semi,node_comparison,node.macro_f1,full,5,0.7340197454429174,0.005761805603808813,0.7244673178929615,0.7384860242397129
SIM-Semi,node_comparison,node.macro_f1,text_mlp,5,0.6330287999036825,0.0033704547143199033,0.6299658784562292,0.6388222700974215
SIM-Semi,node_comparison,node.macro_f1,graph_only,5,0.6335331943337231,0.0033981047381037373,0.6299319727891156,0.6368743549060163
SIM-Semi,node_comparison,node.macro_f1,concat,5,0.684993870889971,0.0023523358124927164,0.6811714708056171,0.6871654470708081
SIM-Semi,node_comparison,node.macro_f1,no_stm,5,0.632144717910343,0.0030965534064738677,0.6299319727891156,0.6363673743877571
SIM-Semi,node_comparison,node.macro_f1,no_ltm,5,0.7455469161333879,0.005220480223071172,0.7395679957002328,0.7527015793848713
SIM-Semi,node_comparison,node.macro_f1,no_time,5,0.7317222764268553,0.008103799303705002,0.7197949843476618,0.7402564694524314
SIM-Semi,node_comparison,node.macro_f1,no_resgate,5,0.7327909544404522,0.005137769163062918,0.7264687548698769,0.7400656522570123
SIM-Semi,node_comparison,node.macro_f1,no_overload,5,0.6845739247479289,0.001006505342322477,0.6834115805946792,0.6855466344606755
SIM-Semi,node_comparison,node.macro_f1,avg_fusion,5,0.7294743176453932,0.007253538933429437,0.719401401362481,0.7392801251956183
SIM-Semi,node_comparison,node.macro_f1,scalar_gate,5,0.7311886450574743,0.008922048665745544,0.7156033971953387,0.7370183464604065
SIM-Semi,node_comparison,node.macro_f1,no_align,5,0.7332556337961398,0.005624672825375798,0.7271599179235763,0.7383629147199622
SIM-Semi,node_comparison,node.macro_f1,no_path,5,0.7296816925933121,0.00892111854480977,0.7196189011522554,0.7437871765865052
SIM-Semi,paper_ablation,node.auprc,full,5,0.6125813906898961,0.004308617356323583,0.6095128805696746,0.6201406329689345
SIM-Semi,paper_ablation,node.auprc,no_stm,5,0.3402641937748825,0.006081949862113855,0.3325809283229555,0.34854311275776756
SIM-Semi,paper_ablation,node.auprc,no_ltm,5,0.6076367156454608,0.0012363092531081585,0.6066347885839655,0.6097753476098533
SIM-Semi,paper_ablation,node.auprc,no_time,5,0.6104481700406129,0.006465572870690246,0.5996248003013591,0.6150740057721922
SIM-Semi,paper_ablation,node.auprc,no_resgate,5,0.6059265264668726,0.003542596802649612,0.6004634572365382,0.609577773498253
SIM-Semi,paper_ablation,node.auprc,no_overload,5,0.501813885723779,0.006744258520961634,0.4940253622088848,0.5114699817233783
SIM-Semi,paper_ablation,node.auprc,avg_fusion,5,0.6111751760444418,0.005305375191923504,0.6040046208573028,0.6176510216475265
SIM-Semi,paper_ablation,node.auprc,scalar_gate,5,0.6085242645156688,0.007615258388451989,0.6020446753742116,0.6216407370127648
SIM-Semi,paper_ablation,scope.recall_at_k,full,5,0.43794712524954643,0.008812267768906328,0.42750371883123994,0.44915450256266143
SIM-Semi,paper_ablation,scope.recall_at_k,no_stm,5,0.3089161631918733,0.004215131173515369,0.30139104482647777,0.31125982673345787
SIM-Semi,paper_ablation,scope.recall_at_k,no_ltm,5,0.4601756297407258,0.009476952490690272,0.45109194420598553,0.47466107804861163
SIM-Semi,paper_ablation,scope.recall_at_k,no_time,5,0.43685084176271083,0.007419990194766867,0.42540287849510544,0.44598594611637116
SIM-Semi,paper_ablation,scope.recall_at_k,no_resgate,5,0.439999801523676,0.010099892502739358,0.42477442198429605,0.451131482591831
SIM-Semi,paper_ablation,scope.recall_at_k,no_overload,5,0.38490268776051345,0.004832344795403377,0.3771972896376581,0.3892636546451995
SIM-Semi,paper_ablation,scope.recall_at_k,avg_fusion,5,0.44081522101329734,0.007493485657221458,0.43137204431081855,0.44811834149189833
SIM-Semi,paper_ablation,scope.recall_at_k,scalar_gate,5,0.44147703665669563,0.00902443784540079,0.43231905043309166,0.4539846397457398
SIM-Semi,path_scope,scope.ndcg_at_k,full,5,0.6899856575310134,0.012313807005360826,0.6708812576172205,0.7010580423234206
SIM-Semi,path_scope,scope.ndcg_at_k,text_mlp,5,0.5690774641160843,0.005433239673964919,0.5630013951451851,0.5740029828168187
SIM-Semi,path_scope,scope.ndcg_at_k,graph_only,5,0.47646785588216345,0.01248019077680872,0.46225709507482754,0.4948749717145741
SIM-Semi,path_scope,scope.ndcg_at_k,concat,5,0.5985799316565462,0.006371754559938878,0.5918502054995428,0.6065280942473095
SIM-Semi,path_scope,scope.ndcg_at_k,no_stm,5,0.47459216218136085,0.011212502231524235,0.45780696503753177,0.48873393929447545
SIM-Semi,path_scope,scope.ndcg_at_k,no_ltm,5,0.698874115518855,0.010563977949556191,0.6892357975756649,0.7162550458575387
SIM-Semi,path_scope,scope.ndcg_at_k,no_time,5,0.6777673859870431,0.013266013237906028,0.6639390809179536,0.6988922897274668
SIM-Semi,path_scope,scope.ndcg_at_k,no_resgate,5,0.6877470849656618,0.007766520400752703,0.6798911909928474,0.6968067403910577
SIM-Semi,path_scope,scope.ndcg_at_k,no_overload,5,0.6104160292384235,0.009244478176259853,0.5977444386305825,0.623743818153406
SIM-Semi,path_scope,scope.ndcg_at_k,avg_fusion,5,0.6840323885158169,0.011495501237313977,0.6669547458037881,0.6993691804594795
SIM-Semi,path_scope,scope.ndcg_at_k,scalar_gate,5,0.6873624034725102,0.014027902036277923,0.6698872821417106,0.6998331745125201
SIM-Semi,path_scope,scope.ndcg_at_k,no_align,5,0.6844369687484886,0.005774221558999877,0.6760078448402618,0.6895305186617839
SIM-Semi,path_scope,scope.ndcg_at_k,no_path,5,0.6804278873893645,0.011245669007499853,0.6624916431891276,0.692175363860748
SIM-Semi,path_scope,path.path_f1,full,5,0.3427132043449828,0.007777959172648912,0.3323829835695142,0.3508704581273965
SIM-Semi,path_scope,path.path_f1,text_mlp,5,0.36735192201609096,0.003184463697720984,0.3639933428789651,0.3709137581038786
SIM-Semi,path_scope,path.path_f1,graph_only,5,0.3638184397411586,0.001509847645779661,0.3628700865436704,0.3663302941561272
SIM-Semi,path_scope,path.path_f1,concat,5,0.36537559948229487,0.002410705919487717,0.36362306398533745,0.3683289463382786
SIM-Semi,path_scope,path.path_f1,no_stm,5,0.35113171490240175,0.011070143000669946,0.3399337083694471,0.3693279661759288
SIM-Semi,path_scope,path.path_f1,no_ltm,5,0.3436722080632153,0.011940355063614842,0.3289573576915976,0.36217159028537926
SIM-Semi,path_scope,path.path_f1,no_time,5,0.34365257611063516,0.011189174658058715,0.32613612821779947,0.35613366935504004
SIM-Semi,path_scope,path.path_f1,no_resgate,5,0.35191701137257686,0.009765003627281006,0.33934551591703854,0.36451292649524836
SIM-Semi,path_scope,path.path_f1,no_overload,5,0.3447797282298726,0.011692900382129211,0.3304858259671929,0.35861239118718374
SIM-Semi,path_scope,path.path_f1,avg_fusion,5,0.3367706655819087,0.01089315441667872,0.3219362370369537,0.34862739887299093
SIM-Semi,path_scope,path.path_f1,scalar_gate,5,0.3398301388730706,0.007678458179779064,0.3321408630916005,0.35047070830078086
SIM-Semi,path_scope,path.path_f1,no_align,5,0.34130352747528575,0.0032281017777180906,0.33767147128231634,0.3451486590491394
SIM-Semi,path_scope,path.path_f1,no_path,5,0.3424015706558251,0.005427867977603467,0.3332194939606965,0.34635462134949296
